"FONDSID";"FST_FONDSTYPE_NR";"VAL_VALUTACODE";"FONDSNAAM";"NAAM_KORT";"SYMBOOL";"SYMBOOL_LONG";"CFI_CODE";"ISIN";"RECONCILIATIEISIN";"TICKER";"SYMBOLINDEX";"CUISP";"RIC";"BLOOMBERG";"MIC";"EXCANGE_SEGMENT";"EOD_DATETIME";"EXCANGE_NAME";"EXCANGE_TIMEZONE"
"8894498";"1000";"EUR";"ISEQ 20";"ISEQ 20";"IECP";"IECP";"TIMMMX";"IE00B0500264";"";"IECP";"";"";"";"";"XDUB";"Dublin";"7-12-2021 17:40:00";"Dublin";"W. Europe Standard Time"
"417203";"1000";"DKK";"OMX Copenhagen 20 [D]";"OMX Copenhagen 20 [D";"OMXC20";"OMXC20";"";"DX0000001376";"";"";"";"";"";"";"XCSE";"OMX Copenhagen";"7-12-2021 17:00:00";"OMX Copenhagen";"W. Europe Standard Time"
"417204";"1000";"SEK";"OMX Stockholm 30 [D]";"OMX Stockholm 30 [D]";"OMXS30";"OMXS30";"";"SE0000337842";"";"";"";"";"";"";"XSTO";"OMX Stockholm";"7-12-2021 17:30:00";"OMX Stockholm";"W. Europe Standard Time"
"2290663";"1000";"EUR";"AEX X5 SHORT ";"AEX X5 SHORT ";"AEX5S";"AEX5S";"";"QS0011230214";"";"AEX5S";"";"";"";"";"XPAR";"Euronext Paris";"7-12-2021 17:40:00";"Euronext Paris";"W. Europe Standard Time"
"2290667";"1000";"EUR";"CAC 40 X10 SH";"CAC10S";"CAC10S";"CAC10S";"";"QS0011231659";"";"CA10S";"";"";"";"";"XPAR";"Euronext Paris";"7-12-2021 17:40:00";"Euronext Paris";"W. Europe Standard Time"
"2290669";"1000";"EUR";"ACA3L Index";"ACA3L";"ACA3L";"ACA3L";"";"QS0011236005";"";"ACA3L";"";"";"";"";"XPAR";"Euronext Paris";"7-12-2021 17:40:00";"Euronext Paris";"W. Europe Standard Time"
"2290681";"1000";"EUR";"SGO5L";"SGO5L";"SGO5L";"SGO5L";"";"QS0011249800";"";"SGO5L";"";"";"";"";"XPAR";"Euronext Paris";"7-12-2021 17:40:00";"Euronext Paris";"W. Europe Standard Time"
"415034";"1050";"HUF";"Hungarian Forint ( EUR / HUF)";"EUR / HUF";"EURHUF";"EURHUF";"";"EU0006169864";"";"";"";"";"";"";"-";"ForEx";"7-12-2021 23:59:59";"Indices";"W. Europe Standard Time"
"415035";"1050";"IDR";"Indonesian Rupiah (EUR / IDR)";"EUR / IDR";"EURIDR";"EURIDR";"";"EU0006169872";"";"";"";"";"";"";"-";"ForEx";"7-12-2021 23:59:59";"Indices";"W. Europe Standard Time"
"410012";"1050";"SGD";"Singapore Dollar (EUR / SGD)";"EUR / SGD";"EURSGD";"EURSGD";"";"EU0006169948";"";"";"";"";"";"";"-";"ForEx";"7-12-2021 23:59:59";"Indices";"W. Europe Standard Time"
"5175412";"1000";"EUR";"FTSE AIM Italia";"FTSE AIM Italia";"ITAIM";"ITAIM";"";"";"";"";"";"";"";"";"MTAA";"MTA INTERNATIONAL - GERMAN SHARES";"7-12-2021 17:36:00";"Milan";"W. Europe Standard Time"
"7266768";"1000";"EUR";"FTI index Cont Future";"FTI index Cont Futur";"FTI0Y";"FTI0Y";"";"";"";"FTI0Y";"";"";"";"";"XEUE";"Euronext Amsterdam futures";"7-12-2021 22:00:00";"Euronext Amsterdam futures";"W. Europe Standard Time"
"5068669";"1000";"EUR";"FTSE MIB Cont Future";"FTSE MIB Cont Future";"40118";"40118";"";"";"";"";"";"";"";"";"-";"Indices";"7-12-2021 23:00:00";"Indices";"W. Europe Standard Time"
"5033038";"1000";"USD";"Ultra 10-year (TN) US Treasury Cont Fut";"Ultra 10-year (TN) U";"40124";"40124";"";"";"";"";"";"";"";"";"XCME";"Chicago Mercantile";"7-12-2021 22:20:00";"Chicago Mercantile";"Central Standard Time"
"5037445";"1000";"USD";"DJX Mini-Dow Jones Index";"DJX Mini-Dow Jones I";"DJX";"DJX.US";"";"BBG000NQ3HF9";"";"";"";"";"";"";"XCME";"Chicago Mercantile";"7-12-2021 22:20:00";"Chicago Mercantile";"Central Standard Time"
"5032767";"1000";"USD";"5-Year T-Note (ZF) Cont Futures";"5-Year T-Note (ZF) C";"40039";"40039";"";"";"";"";"";"";"";"";"XCME";"Chicago Mercantile";"7-12-2021 22:20:00";"Chicago Mercantile";"Central Standard Time"
"4852630";"1000";"USD";"U.S. Treasury Bond (ZB) Cont Futures";"U.S. Treasury Bond (";"38839";"38839";"";"";"";"";"";"";"";"";"XCME";"Chicago Mercantile";"7-12-2021 22:20:00";"Chicago Mercantile";"Central Standard Time"
"4852631";"1000";"USD";"Ultra U.S. Treasury Bo (UB) Cont Futures";"Ultra U.S. Treasury";"38756";"38756";"";"";"";"";"";"";"";"";"XCME";"Chicago Mercantile";"7-12-2021 22:20:00";"Chicago Mercantile";"Central Standard Time"
"2752935";"1050";"EUR";"NOK / EUR";"NOK / EUR";"NOKEUR";"NOKEUR";"";"";"BBG0013HQH37";"";"";"";"";"";"XAMS";"Euronext Amsterdam securities";"7-12-2021 17:40:00";"Euronext Amsterdam securities";"W. Europe Standard Time"
"2273856";"1000";"EUR";"Euronext Next Biotech";"Euronext Next Biotec";"BIOTK";"BIOTK";"";"QS0011095955";"";"BIOTK";"";"";"";"";"XPAR";"Euronext Paris";"7-12-2021 17:40:00";"Euronext Paris";"W. Europe Standard Time"
"2273857";"1000";"EUR";"CAC 40 X3 LEV";"CAC 40 X3 LEV";"CAC3L";"CAC3L";"";"QS0011146857";"";"CAC3L";"";"";"";"";"XPAR";"Euronext Paris";"7-12-2021 17:40:00";"Euronext Paris";"W. Europe Standard Time"
"2273878";"1000";"EUR";"CAC 40 X4 LEV";"CAC 40 X4 LEV";"CAC4L";"CAC4L";"";"QS0011206008";"";"CAC4L";"";"";"";"";"XPAR";"Euronext Paris";"7-12-2021 17:40:00";"Euronext Paris";"W. Europe Standard Time"
"2273897";"1000";"EUR";"GSZ3L Index";"GSZ3L Index";"GSZ3L";"GSZ3L";"";"QS0011216734";"";"ENG3L";"";"";"";"";"XPAR";"Euronext Paris";"7-12-2021 17:40:00";"Euronext Paris";"W. Europe Standard Time"
"2274003";"1000";"EUR";"RNO3L Index";"RNO3L";"RNO3L";"RNO3L";"";"QS0011216833";"";"RNO3L";"";"";"";"";"XPAR";"Euronext Paris";"7-12-2021 17:40:00";"Euronext Paris";"W. Europe Standard Time"
"2274039";"1000";"EUR";"CAC 40 X6 SHORT";"CAC 40 X6 SHORT";"CAC6S";"CAC6S";"";"QS0011223532";"";"CAC6S";"";"";"";"";"XPAR";"Euronext Paris";"7-12-2021 17:40:00";"Euronext Paris";"W. Europe Standard Time"
"2274050";"1000";"EUR";"AEX X5 LEVERAGE ";"AEX X5 LEVERAGE ";"AEX5L";"AEX5L";"";"QS0011230164";"";"AEX5L";"";"";"";"";"XPAR";"Euronext Paris";"7-12-2021 17:40:00";"Euronext Paris";"W. Europe Standard Time"
"7124766";"1000";"EUR";"Euronext Eurozone ESG Large 80";"Euronext Eurozone ES";"ENESG";"ENESG";"TIMMMX";"FR0013468832";"";"";"";"";"";"";"XPAR";"Euronext Paris";"7-12-2021 17:40:00";"Euronext Paris";"W. Europe Standard Time"
"2986509";"1000";"EUR";"Stoxx Global 1800 EUR (price)";"Stoxx Global 1800 EU";"SXW1E";"SXW1E";"";"CH0111485204";"";"";"";"";"";"";"XEUR";"Eurex";"7-12-2021 22:04:00";"Eurex";"W. Europe Standard Time"
"3762928";"1000";"EUR";"Stoxx Global 3000 PR";"Stoxx Global 3000 PR";"SXGBMP";"SXGBMP";"";"CH0121742412";"";"";"";"";"";"";"XEUR";"Eurex";"7-12-2021 22:04:00";"Eurex";"W. Europe Standard Time"
"3760536";"1000";"EUR";"BEL Mid";"BEL Mid";"BELM";"BELM";"TIMMMX";"BE0389856130";"";"BELM";"";"";"";"";"XBRU";"Euronext Brussels";"7-12-2021 17:40:00";"Euronext Brussels";"W. Europe Standard Time"
"3762929";"1000";"EUR";"Stoxx Global 3000 NR";"Stoxx Global 3000 NR";"SXGBMR";"SXGBMR";"";"CH0121742420";"";"";"";"";"";"";"XEUR";"Eurex";"7-12-2021 22:04:00";"Eurex";"W. Europe Standard Time"
"3760539";"1000";"EUR";"BEL Small";"BEL Small";"BELS";"BELS";"TIMMMX";"BE0389857146";"";"BELS";"";"";"";"";"XBRU";"Euronext Brussels";"7-12-2021 17:40:00";"Euronext Brussels";"W. Europe Standard Time"
"421080";"1000";"NOK";"OBX Oslo Total Return [D]";"OBX Oslo Total Retur";"OBX";"OBX";"";"NO0000000021";"";"";"";"";"";"";"XOSL";"Oslo Bors";"7-12-2021 16:25:01";"Oslo Bors";"W. Europe Standard Time"
"206611";"1000";"USD";"S&P Midcap 400 Index";"S&P Midcap 400 Index";"MDM";"MDM";"";"";"";"";"";"";"";"MID";"XCME";"Chicago Mercantile";"7-12-2021 22:20:00";"Chicago Mercantile";"Central Standard Time"
"3685633";"1000";"EUR";"FTSE Italia PIR Mid Cap Index";"FTSE Italia PIR Mid";"ITPIRMC";"ITPIRMC";"";"";"";"";"";"";"";"";"MTAA";"MTA INTERNATIONAL - GERMAN SHARES";"7-12-2021 17:36:00";"Milan";"W. Europe Standard Time"
"203904";"1000";"EUR";"Euronext 150 index";"Euronext 150 index";"N150";"N150";"";"FR0003502087";"";"N150";"";"";"";"";"XAMS";"Euronext Amsterdam securities";"7-12-2021 17:40:00";"Euronext Amsterdam securities";"W. Europe Standard Time"
"203905";"1000";"EUR";"Irish Overall index";"Irish Overall index";"ISEQ";"ISEQ";"";"";"";"ISEQ";"";"";"";"";"XDUB";"Dublin";"7-12-2021 17:40:00";"Dublin";"W. Europe Standard Time"
"203906";"1000";"USD";"S&P 100 index";"S&P 100 index";"OEX";"OEX";"";"";"";"OEX";"";"";"";"";"XNYS";"NYSE";"7-12-2021 22:00:00";"NYSE";"Eastern Standard Time"
"204009";"1000";"EUR";"LuxX index";"LuxX index";"LUXXX";"LUXXX";"";"";"";"LUXXX";"";"";"";"";"XLUX";"Luxembourg";"7-12-2021 17:35:00";"Luxembourg";"W. Europe Standard Time"
"4618309";"1000";"USD";"Nyse Arca Biotechnology Index";"Nyse Arca Biotechnol";"37549";"37549";"";"";"";"";"";"";"";"";"-";"Indices";"7-12-2021 23:00:00";"Indices";"W. Europe Standard Time"
"3609616";"1000";"USD";"Bitcoin (BTC/USD) future";"Bitcoin (BTC/USD) fu";"BTC";"BTC";"";"BB1234567890";"";"";"";"";"";"";"XCME";"Chicago Mercantile";"7-12-2021 22:20:00";"Chicago Mercantile";"Central Standard Time"
"3609617";"1000";"EUR";"AEX Dividend Point Index";"AEX Dividend Point";"AEXDI";"AEXDI";"";"QS0011158126";"";"";"";"";"";"";"-";"Indices";"7-12-2021 23:00:00";"Indices";"W. Europe Standard Time"
"196881";"1000";"EUR";"AX2";"AX2";"AX2";"AX2";"";"";"";"";"";"";"";"";"XAMS";"Euronext Amsterdam securities";"7-12-2021 17:40:00";"Euronext Amsterdam securities";"W. Europe Standard Time"
"196626";"1000";"EUR";"AX1";"AX1";"AX1";"AX1";"";"";"";"";"";"";"";"";"XAMS";"Euronext Amsterdam securities";"7-12-2021 17:40:00";"Euronext Amsterdam securities";"W. Europe Standard Time"
"197593";"1000";"EUR";"AX4";"AX4";"AX4";"AX4";"";"";"";"";"";"";"";"";"XAMS";"Euronext Amsterdam securities";"7-12-2021 17:40:00";"Euronext Amsterdam securities";"W. Europe Standard Time"
"198464";"1000";"EUR";"AX5";"AX5";"AX5";"AX5";"";"";"";"";"";"";"";"";"XAMS";"Euronext Amsterdam securities";"7-12-2021 17:40:00";"Euronext Amsterdam securities";"W. Europe Standard Time"
"3557358";"1000";"EUR";"Mid-Term Euro-BTP Cont Future (FBTM)";"Mid-Term Euro-BTP Co";"28894";"28894";"";"DE000A1KQR10";"";"FBTM0Y";"";"";"";"";"XEUR";"Eurex";"7-12-2021 22:04:00";"Eurex";"W. Europe Standard Time"
"4601951";"1000";"EUR";"Euribor 3 maanden";"Euribor 3 maanden";"37354";"37354";"";"";"";"";"";"";"";"";"-";"Indices";"7-12-2021 23:00:00";"Indices";"W. Europe Standard Time"
"3545164";"1000";"USD";"10-Year T-Note (ZN) Cont Futures";"10-Year T-Note (ZN)";"27999";"27999";"";"";"";"";"";"";"";"";"XCME";"Chicago Mercantile";"7-12-2021 22:20:00";"Chicago Mercantile";"Central Standard Time"
"3494743";"1000";"EUR";"CAC 40 X15 Leverage NR";"CAC 40 X15 Leverage";"CAC15L";"CAC15L";"";"FR0013186921";"";"";"";"";"";"C15LE";"XPAR";"Euronext Paris";"7-12-2021 17:40:00";"Euronext Paris";"W. Europe Standard Time"
"2198898";"1000";"EUR";"STOXX Europe 600 Automobiles & Parts";"STOXX Europe 600 Aut";"SXZ5";"SXZ5";"";"EU0009658681";"";"";"";"";"";"";"XEUR";"Eurex";"7-12-2021 22:04:00";"Eurex";"W. Europe Standard Time"
"3473023";"1050";"CAD";"USD / CAD";"USD / CAD";"USDCAD";"USDCAD";"";"XC000A0AEM51";"";"";"";"";"";"";"-";"ForEx";"7-12-2021 23:59:59";"Indices";"W. Europe Standard Time"
"6887321";"1000";"USD";"MSCI World Index Cont Future";"MSCI World Index Con";"M1WO";"M1WO";"";"DE000A1RRXJ7";"";"FMWO";"";"";"";"";"XEUR";"Eurex Indices";"7-12-2021 17:30:00";"Eurex";"W. Europe Standard Time"
"3366651";"1000";"USD";"Russell 2000 mini future";"Russell 2000 mini fu";"RUT";"RUT.US";"";"US7827001089";"";"";"";"";"";"";"XCME";"Chicago Mercantile";"7-12-2021 22:20:00";"Chicago Mercantile";"Central Standard Time"
"3362647";"1000";"EUR";"OES1";"OES1";"OES1";"OES1.DU";"";"";"";"";"";"";"";"";"XEUR";"Eurex Indices";"7-12-2021 17:30:00";"Eurex";"W. Europe Standard Time"
"3362650";"1000";"EUR";"OES5";"OES5";"OES5";"OES5.DU";"";"";"";"";"";"";"";"";"XEUR";"Eurex Indices";"7-12-2021 17:30:00";"Eurex";"W. Europe Standard Time"
"3362657";"1000";"EUR";"ODX4";"ODX4";"ODX4";"ODX4.DU";"";"";"";"";"";"";"";"";"XEUR";"Eurex Indices";"7-12-2021 17:30:00";"Eurex";"W. Europe Standard Time"
"193827";"1000";"CHF";"Swiss Market Index";"Swiss Market Index";"SMI";"SMI";"";"CH0009980894";"";"SMI";"";"";"";"";"XSWX";"Zurich";"7-12-2021 17:30:00";"Zurich";"W. Europe Standard Time"
"193482";"1000";"EUR";"ATX Index";"ATX Index";"ATX";"ATX";"";"AT0000999982";"";"ATX";"";"";"";"";"XWBO";"Vienna";"7-12-2021 17:34:59";"Vienna";"W. Europe Standard Time"
"193485";"1000";"EUR";"PSI 20 Index";"PSI 20 Index";"PSI20";"PSI20";"";"PTING0200002";"";"PSI20";"";"";"";"";"XLIS";"Euronext Lisboa";"7-12-2021 17:40:00";"Euronext Lisboa";"GMT Standard Time"
"3362648";"1000";"EUR";"OES2";"OES2";"OES2";"OES2.DU";"";"";"";"";"";"";"";"";"XEUR";"Eurex Indices";"7-12-2021 17:30:00";"Eurex";"W. Europe Standard Time"
"3362655";"1000";"EUR";"ODX1";"ODX1";"ODX1";"ODX1.DU";"";"";"";"";"";"";"";"";"XEUR";"Eurex Indices";"7-12-2021 17:30:00";"Eurex";"W. Europe Standard Time"
"3362658";"1000";"EUR";"ODX5";"ODX5";"ODX5";"ODX5.DU";"";"";"";"";"";"";"";"";"XEUR";"Eurex Indices";"7-12-2021 17:30:00";"Eurex";"W. Europe Standard Time"
"3362649";"1000";"EUR";"OES4";"OES4";"OES4";"OES4.DU";"";"";"";"";"";"";"";"";"XEUR";"Eurex Indices";"7-12-2021 17:30:00";"Eurex";"W. Europe Standard Time"
"3362656";"1000";"EUR";"ODX2";"ODX2";"ODX2";"ODX2.DU";"";"";"";"";"";"";"";"";"XEUR";"Eurex Indices";"7-12-2021 17:30:00";"Eurex";"W. Europe Standard Time"
"3349131";"1000";"EUR";"MOA";"MOA";"MOA";"MOA";"";"";"";"MOA";"";"";"";"";"XEUE";"Euronext Amsterdam Options";"7-12-2021 17:30:00";"Euronext Amsterdam options";"W. Europe Standard Time"
"4472405";"1000";"USD";"XSP Mini-SPX Index";"XSP Mini-SPX Index";"XSP";"XSP.US";"";"";"US78378X1072";"";"";"";"";"";"XCME";"Chicago Mercantile";"7-12-2021 22:20:00";"Chicago Mercantile";"Central Standard Time"
"4431488";"1000";"EUR";"Behoedzaam vanaf 02-01-2019";"Behoedzaam vanaf 02-";"36008";"36008";"";"";"";"";"";"";"";"";"-";"Indices";"7-12-2021 23:00:00";"Indices";"W. Europe Standard Time"
"4431492";"1000";"EUR";"Zeer speculatief vanaf 02-01-2019";"Zeer speculatief van";"36012";"36012";"";"";"";"";"";"";"";"";"-";"Indices";"7-12-2021 23:00:00";"Indices";"W. Europe Standard Time"
"3278872";"1050";"USD";"BRL / USD";"BRL / USD";"BRLUSD";"BRLUSD";"";"";"";"";"";"";"";"";"-";"ForEx";"7-12-2021 23:59:59";"Indices";"W. Europe Standard Time"
"3278869";"1050";"USD";"MXN / USD";"MXN / USD";"MXNUSD";"MXNUSD";"";"";"";"";"";"";"";"";"-";"ForEx";"7-12-2021 23:59:59";"Indices";"W. Europe Standard Time"
"4431490";"1000";"EUR";"Speculatief vanaf 02-01-2019";"Speculatief vanaf 02";"36131";"36131";"";"";"";"";"";"";"";"";"-";"Indices";"7-12-2021 23:00:00";"Indices";"W. Europe Standard Time"
"4431487";"1000";"EUR";"Defensief vanaf 02-01-2019";"Defensief vanaf 02-0";"35919";"35919";"";"";"";"";"";"";"";"";"-";"Indices";"7-12-2021 23:00:00";"Indices";"W. Europe Standard Time"
"4431489";"1000";"EUR";"Offensief vanaf 02-01-2019";"Offensief vanaf 02-0";"35977";"35977";"";"";"";"";"";"";"";"";"-";"Indices";"7-12-2021 23:00:00";"Indices";"W. Europe Standard Time"
"3278911";"1050";"USD";"INR / USD";"INR / USD";"INRUSD";"INRUSD";"";"";"";"";"";"";"";"";"-";"ForEx";"7-12-2021 23:59:59";"Indices";"W. Europe Standard Time"
"3248756";"1000";"USD";"Brent Last Day Financial (BZ)";"Brent Last Day Finan";"BZ";"BZ.US";"";"";"";"";"";"";"";"";"XCME";"Chicago Mercantile";"7-12-2021 22:20:00";"Chicago Mercantile";"Central Standard Time"
"3191093";"1000";"EUR";"CAC40 Volatility Index";"CAC40 Vola Index";"VCAC";"VCAC";"";"QS0011052139";"";"";"";"";"";"";"XPAR";"Euronext Paris";"7-12-2021 17:40:00";"Euronext Paris";"W. Europe Standard Time"
"184689";"1000";"EUR";"Bel 20";"Bel 20";"BEL";"BEL";"TIMMMX";"BE0389555039";"";"BEL20";"";"";"";"";"XBRU";"Euronext Brussels";"7-12-2021 17:40:00";"Euronext Brussels";"W. Europe Standard Time"
"184809";"1000";"EUR";"AScX-Index";"AScX-Index";"ASCX";"ASCX";"";"NL0000249142";"";"ASCX";"";"";"";"";"XAMS";"Euronext Amsterdam securities";"7-12-2021 17:40:00";"Euronext Amsterdam securities";"W. Europe Standard Time"
"3168748";"1000";"USD";"Natural Gas Future";"Natural Gas Future";"NG";"NG";"";"";"";"";"";"";"";"";"XCME";"Chicago Mercantile";"7-12-2021 22:20:00";"Chicago Mercantile";"Central Standard Time"
"3168747";"1000";"USD";"E-Mini Crude Oil Future";"E-Mini Crude Oil Fut";"QM";"QM.US";"";"";"";"";"";"";"";"";"XCME";"Chicago Mercantile";"7-12-2021 22:20:00";"Chicago Mercantile";"Central Standard Time"
"4321046";"1000";"EUR";"OMSX";"OMSX";"OMSX";"OMSX";"";"";"";"";"";"";"";"";"XEUR";"Eurex Indices";"7-12-2021 17:30:00";"Eurex";"W. Europe Standard Time"
"4321114";"1000";"USD";"Dummy Options SPXW";"Dummy Options SPXW";"SPXW";"SPXW.US";"";"";"";"";"";"";"";"";"XCME";"Chicago Mercantile";"7-12-2021 22:20:00";"Chicago Mercantile";"Central Standard Time"
"3117889";"1000";"EUR";"Barclays 1-5 Year Euro Corp Bond IDX";"Barclays 1-5 Year Eu";"B15YECB";"B15YECB";"";"BBG002TF8JQ2";"";"";"";"";"";"";"XEUR";"Eurex";"7-12-2021 22:04:00";"Eurex";"W. Europe Standard Time"
"3117890";"1000";"EUR";"BAM Weighted Low Risk Benchmark IDX";"BAM Weighted Low Ris";"AMBECONF";"AMBECONF";"";"";"";"";"";"";"";"";"XEUR";"Eurex";"7-12-2021 22:04:00";"Eurex";"W. Europe Standard Time"
"3164909";"1000";"USD";"Crude Oil CONT Future";"Crude Oil CONT Futur";"OIL-NYMEX";"OIL-NYMEX";"";"";"";"";"";"";"";"";"XCME";"Chicago Mercantile";"7-12-2021 22:20:00";"Chicago Mercantile";"Central Standard Time"
"2175820";"1000";"EUR";"STOXX Europe 600 Banks Index";"STOXX Europe 600 Ban";"ES600";"ES600";"";"EU0009658806";"";"";"";"";"";"";"XEUR";"Eurex";"7-12-2021 22:04:00";"Eurex";"W. Europe Standard Time"
"2147695";"1000";"EUR";"Zeer Speculatief vanaf 12-2015";"Zeer Speculatief van";"1069";"1069";"";"";"";"";"";"";"";"";"-";"Indices";"7-12-2021 23:00:00";"Indices";"W. Europe Standard Time"
"2147686";"1000";"EUR";"Offensief 09-2014 tot 12-2015";"Offensief 09-2014 to";"1065";"1065";"";"";"";"";"";"";"";"";"-";"Indices";"7-12-2021 23:00:00";"Indices";"W. Europe Standard Time"
"2149501";"1000";"EUR";"Behoedzaam tot 09-2014";"Behoedzaam tot 09-20";"1070";"1070";"";"";"";"";"";"";"";"";"-";"Indices";"7-12-2021 23:00:00";"Indices";"W. Europe Standard Time"
"2149502";"1000";"EUR";"Offensief tot 09-2014";"Offensief tot 09-201";"1071";"1071";"";"";"";"";"";"";"";"";"-";"Indices";"7-12-2021 23:00:00";"Indices";"W. Europe Standard Time"
"2149503";"1000";"EUR";"Speculatief tot 09-2014";"Speculatief tot 09-2";"1072";"1072";"";"";"";"";"";"";"";"";"-";"Indices";"7-12-2021 23:00:00";"Indices";"W. Europe Standard Time"
"2149504";"1000";"EUR";"Zeer Speculatief tot 09-2014";"Zeer Speculatief tot";"1073";"1073";"";"";"";"";"";"";"";"";"-";"Indices";"7-12-2021 23:00:00";"Indices";"W. Europe Standard Time"
"3117888";"1000";"EUR";"Barclays 3-5 Year Euro Treasury Bond IDX";"Barclays 3-5 Year Eu";"B35YETB";"B35YETB";"";"BBG002F06207";"";"";"";"";"";"";"XEUR";"Eurex";"7-12-2021 22:04:00";"Eurex";"W. Europe Standard Time"
"4273896";"1000";"EUR";"Markit iBoxx EUR Liquid Corporates Index";"Markit iBoxx EUR Liq";"IB8A";"IB8A";"";"DE0007200321";"";"";"";"";"";"";"XETR";"Frankfurt";"7-12-2021 17:34:59";"Frankfurt";"W. Europe Standard Time"
"2072885";"1000";"EUR";"Offensief vanaf 12-2015";"Offensief vanaf 12-2";"1063";"1063";"";"";"";"";"";"";"";"";"-";"Indices";"7-12-2021 23:00:00";"Indices";"W. Europe Standard Time"
"2072886";"1000";"EUR";"Speculatief vanaf 12-2015";"Speculatief vanaf 12";"1064";"1064";"";"";"";"";"";"";"";"";"-";"Indices";"7-12-2021 23:00:00";"Indices";"W. Europe Standard Time"
"2072884";"1000";"EUR";"Behoedzaam vanaf 12-2015";"Behoedzaam vanaf 12-";"1062";"1062";"";"";"";"";"";"";"";"";"-";"Indices";"7-12-2021 23:00:00";"Indices";"W. Europe Standard Time"
"2072882";"1000";"EUR";"Behoedzaam 09-2014 tot 12-2015";"Behoedzaam 09-2014 t";"1060";"1060";"";"";"";"";"";"";"";"";"-";"Indices";"7-12-2021 23:00:00";"Indices";"W. Europe Standard Time"
"2072883";"1000";"EUR";"Defensief vanaf 12-2015";"Defensief vanaf 12-2";"1061";"1061";"";"";"";"";"";"";"";"";"-";"Indices";"7-12-2021 23:00:00";"Indices";"W. Europe Standard Time"
"2072881";"1000";"EUR";"Defensief 09-2014 tot 12-2015";"Defensief 09-2014 to";"1059";"1059";"";"";"";"";"";"";"";"";"-";"Indices";"7-12-2021 23:00:00";"Indices";"W. Europe Standard Time"
"2072868";"1000";"EUR";"Defensief tot 09-2014";"Defensief tot 09-201";"1058";"1058";"";"";"";"";"";"";"";"";"-";"Indices";"7-12-2021 23:00:00";"Indices";"W. Europe Standard Time"
"2055302";"1000";"EUR";"Markit iBoxx EUR Liquid Sovereigns Cap";"Markit iBoxx EUR Liq";"IBXXS15T";"IBXXS15T";"";"GB00B8GB2Y00";"";"";"";"";"";"";"XEUR";"Eurex";"7-12-2021 22:04:00";"Eurex";"W. Europe Standard Time"
"816529";"1000";"EUR";"DJ Euro STOXX 50 Index Div";"DJ Euro STOXX 50 Ind";"SX5ED";"10056";"";"CH0042346186";"";"";"";"";"";"";"XEUR";"Eurex";"7-12-2021 22:04:00";"Eurex";"W. Europe Standard Time"
"4273898";"1000";"EUR";"Markit iBoxx EUR Liquid Sov Div 1-10 Ind";"Markit iBoxx EUR Liq";"3LEA";"3LEA";"";"DE000A0S3PK5";"";"";"";"";"";"";"XETR";"Frankfurt";"7-12-2021 17:34:59";"Frankfurt";"W. Europe Standard Time"
"191263";"1000";"JPY";"Nikkei 225";"Nikkei 225";"N225";"N225";"";"";"";"";"";"";"";"";"-";"Tokyo Stock Exchange";"8-12-2021 06:00:00";"Tokyo Stock Exchange";"Tokyo Standard Time"
"203903";"1000";"USD";"AMEX Index";"AMEX Index";"AMEX";"AMEX";"";"";"";"XMI";"";"";"";"";"XASE";"AMEX";"7-12-2021 22:00:00";"AMEX";"Eastern Standard Time"
"253395";"1000";"EUR";"A18";"A18";"A18";"A18";"";"";"";"";"";"";"";"";"XAMS";"Euronext Amsterdam securities";"7-12-2021 17:40:00";"Euronext Amsterdam securities";"W. Europe Standard Time"
"484676";"1000";"EUR";"AEX Volatility Index";"AEX Volatility Index";"VAEX";"VAEX";"";"QS0011052147";"";"";"";"";"";"";"XAMS";"Euronext Amsterdam securities";"7-12-2021 17:40:00";"Euronext Amsterdam securities";"W. Europe Standard Time"
"2791385";"1000";"EUR";"STOXX 1800 Net Return";"STOXX 1800 Net Retur";"SXW1R";"SXW1R";"";"CH0111485212";"";"";"";"";"";"";"XEUR";"Eurex";"7-12-2021 22:04:00";"Eurex";"W. Europe Standard Time"
"2762172";"1050";"INR";"Indian Rupee (EUR / INR)";"EUR / INR";"EURINR";"EURINR";"";"";"";"";"";"";"";"";"-";"ForEx";"7-12-2021 23:59:59";"Indices";"W. Europe Standard Time"
"172835";"1000";"EUR";"DJ EURO STOXX Total Market Large";"DJES TMI Large";"XBCHF";"XBCHF";"";"CH0011440226";"";"";"";"";"";"221;0;10;ORF2";"XEUR";"Eurex";"7-12-2021 22:04:00";"Eurex";"W. Europe Standard Time"
"172838";"1000";"EUR";"DJ EURO STOXX Total Market Mid";"DJES TMI Mid";"XBCNF";"XBCNF";"";"CH0011440879";"";"";"";"";"";"221;0;10;ORF6";"XEUR";"Eurex";"7-12-2021 22:04:00";"Eurex";"W. Europe Standard Time"
"172844";"1000";"EUR";"DJ EURO STOXX Total Market";"DJES TMI";"BKXE";"BKXE";"";"CH0009119378";"";"";"";"";"";"";"XEUR";"Eurex";"7-12-2021 22:04:00";"Eurex";"W. Europe Standard Time"
"2474179";"1000";"USD";"Solactive US Large Cap Index";"Solactive US LC Idx";"SLA0Q5";"SLA0Q5";"";"DE000SLA0Q54";"";"";"";"";"";"";"CATS";"CATS";"7-12-2021 22:00:00";"CATS";"W. Europe Standard Time"
"1339955";"1000";"EUR";"NL-20 Index";"NL-20 Index";"NL20";"NL20";"";"NL0010762100";"";"NL20T";"";"";"";"";"-";"Indices";"7-12-2021 23:00:00";"Indices";"W. Europe Standard Time"
"206612";"1000";"USD";"MSCI EAFE Index";"MSCI EAFE Index";"MXEA";"MXEA";"";"";"";"";"";"";"";"EFEX";"XCME";"Chicago Mercantile";"7-12-2021 22:20:00";"Chicago Mercantile";"Central Standard Time"
"2147687";"1000";"EUR";"Speculatief 09-2014 tot 12-2015";"Speculatief 09-2014 ";"1066";"1066";"";"";"";"";"";"";"";"";"-";"Indices";"7-12-2021 23:00:00";"Indices";"W. Europe Standard Time"
"2147690";"1000";"EUR";"Zeer Speculatief 09-2014 tot 12-2015";"Zeer Speculatief 09-";"1067";"1067";"";"";"";"";"";"";"";"";"-";"Indices";"7-12-2021 23:00:00";"Indices";"W. Europe Standard Time"
"415033";"1050";"THB";"Thai Baht (EUR / THB)";"EUR / THB";"EURTHB";"EURTHB";"";"EU0006169955";"";"";"";"";"";"";"-";"ForEx";"7-12-2021 23:59:59";"Indices";"W. Europe Standard Time"
"376343";"1050";"PLN";"Polish Zloty (EUR / PLN)";"EUR / PLN";"EURPLN";"EURPLN";"";"EU0006169930";"";"";"";"";"";"";"-";"ForEx";"7-12-2021 23:59:59";"Indices";"W. Europe Standard Time"
"376354";"1050";"HKD";"Hong Kong Dollar (EUR / HKD)";"EUR / HKD";"EURHKD";"EURHKD";"";"EU0006169856";"";"";"";"";"";"";"-";"ForEx";"7-12-2021 23:59:59";"Indices";"W. Europe Standard Time"
"377376";"1050";"JPY";"USD / JPY";"USD / JPY";"USDJPY";"USDJPY";"";"XC0009659910";"";"";"";"";"";"";"XAMS";"Euronext Amsterdam securities";"7-12-2021 17:40:00";"Euronext Amsterdam securities";"W. Europe Standard Time"
"253643";"1000";"EUR";"A20";"A20";"A20";"A20";"";"";"";"";"";"";"";"";"XAMS";"Euronext Amsterdam securities";"7-12-2021 17:40:00";"Euronext Amsterdam securities";"W. Europe Standard Time"
"376353";"1050";"EUR";"Chilean Peso (EUR/  CLP)";"(EUR/  CLP)";"EURCLP";"EURCLP";"";"EU0001458296";"";"";"";"";"";"";"-";"ForEx";"7-12-2021 23:59:59";"Indices";"W. Europe Standard Time"
"3832";"1000";"EUR";"Euronext 100 index";"Euronext 100 index";"O100";"O100";"";"FR0003502079";"";"N100";"";"";"";"";"XAMS";"Euronext Amsterdam securities";"7-12-2021 17:40:00";"Euronext Amsterdam securities";"W. Europe Standard Time"
"172841";"1000";"EUR";"DJ EURO STOXX Total Market Small";"DJES TMI Small";"XBCGF";"XBCGF";"";"CH0011441091";"";"";"";"";"";"";"XEUR";"Eurex";"7-12-2021 22:04:00";"Eurex";"W. Europe Standard Time"
"478983";"1000";"EUR";"FTSE oud";"FTSE oud";"10055";"10055";"";"";"";"";"";"";"";"";"";"";"";"";""
"11777";"1050";"USD";"Eur/Dollar";"Eur/Dollar";"EDX";"EDX";"";"";"";"99202";"";"";"";"";"XEUE";"Euronext Amsterdam Options";"7-12-2021 17:30:00";"Euronext Amsterdam options";"W. Europe Standard Time"
"10981";"1000";"EUR";"Amsterdam Financials Sector Index";"Amsterdam Financials";"AFS";"AFS";"";"";"";"99197";"";"";"";"";"XEUE";"Euronext Amsterdam Options";"7-12-2021 17:30:00";"Euronext Amsterdam options";"W. Europe Standard Time"
"410011";"1050";"MXN";"Mexican Peso (EUR / MXN)";"EUR / MXN";"EURMXN";"EURMXN";"";"EU0006169898";"";"";"";"";"";"";"-";"ForEx";"7-12-2021 23:59:59";"Indices";"W. Europe Standard Time"
"253394";"1000";"EUR";"A17";"A17";"A17";"A17";"";"";"";"";"";"";"";"";"XAMS";"Euronext Amsterdam securities";"7-12-2021 17:40:00";"Euronext Amsterdam securities";"W. Europe Standard Time"
"193483";"1000";"EUR";"IBEX 35 Index [D]";"IBEX 35 Index [D]";"IBEX";"IBEX";"";"ES0SI0000005";"";"IBEX";"";"";"";"";"XMAD";"Madrid";"7-12-2021 17:34:59";"Madrid";"W. Europe Standard Time"
"253252";"1000";"EUR";"A14";"A14";"A14";"A14";"";"";"";"";"";"";"";"";"XAMS";"Euronext Amsterdam securities";"7-12-2021 17:40:00";"Euronext Amsterdam securities";"W. Europe Standard Time"
"206610";"1000";"USD";"Russel 2000 Index";"Russel 2000 Index";"80";"RUT";"";"";"";"RLX";"";"";"";"";"XCME";"Chicago Mercantile";"7-12-2021 22:20:00";"Chicago Mercantile";"Central Standard Time"
"2273884";"1000";"EUR";"CAC 40 X4 SHORT";"CAC 40 X4 SHORT";"CAC4S";"CAC4S";"";"QS0011206917";"";"CAC4S";"";"";"";"";"XPAR";"Euronext Paris";"7-12-2021 17:40:00";"Euronext Paris";"W. Europe Standard Time"
"2273898";"1000";"EUR";"VIV3L Index ";"VIV3L Index ";"VIV3L";"VIV3L";"";"QS0011216767";"";"VIV3L";"";"";"";"";"XPAR";"Euronext Paris";"7-12-2021 17:40:00";"Euronext Paris";"W. Europe Standard Time"
"2273899";"1000";"EUR";"CS3L Index";"CS3L Index";"CS3L";"CS3L";"";"QS0011216775";"";"CS3L";"";"";"";"";"XPAR";"Euronext Paris";"7-12-2021 17:40:00";"Euronext Paris";"W. Europe Standard Time"
"1304144";"1000";"EUR";"MFC mini CAC Future";"MFC mini CAC Future";"MFC.IND";"MFC.IND";"";"";"";"";"";"";"";"";"XPAR";"Euronext Paris";"7-12-2021 17:40:00";"Euronext Paris";"W. Europe Standard Time"
"2446285";"1000";"EUR";"CAC 40 Index Cont Future (FCE6H)";"CAC 40 Index Cont";"10924";"10924";"";"";"";"FCE0Y";"";"";"";"";"XPAR";"Euronext Paris";"7-12-2021 17:40:00";"Euronext Paris";"W. Europe Standard Time"
"478979";"1000";"EUR";"FTSE oud";"FTSE oud";"10053";"10053";"";"";"";"";"";"";"";"";"";"";"";"";""
"478980";"1000";"EUR";"FTSE oud";"FTSE oud";"10054";"10054";"";"";"";"";"";"";"";"";"";"";"";"";""
"377369";"1000";"USD";"Gold Spot (USD)";"Gold Spot (USD)";"XAUUSD";"XAUUSD";"";"XD0002747026";"XC0009655157";"";"";"";"";"XAU=";"-";"Indices";"7-12-2021 23:00:00";"Indices";"W. Europe Standard Time"
"377370";"1000";"USD";"Platinum Spot (USD)";"Platinum Spot (USD)";"XPTUSD";"XPTUSD";"";"XC0009665545";"";"";"";"";"";"";"-";"Indices";"7-12-2021 23:00:00";"Indices";"W. Europe Standard Time"
"377371";"1000";"USD";"Silver Spot (USD)";"Silver Spot (USD)";"XAGUSD";"XAGUSD";"";"XC0009653103";"XC0009653103";"";"";"";"";"XAG=";"-";"Indices";"7-12-2021 23:00:00";"Indices";"W. Europe Standard Time"
"377373";"1050";"AUD";"USD / AUD";"USD / AUD";"USDAUD";"USDAUD";"";"";"";"";"";"";"";"";"XAMS";"Euronext Amsterdam securities";"7-12-2021 17:40:00";"Euronext Amsterdam securities";"W. Europe Standard Time"
"377374";"1050";"CNY";"USD / CNY";"USD / CNY";"USDCNY";"USDCNY";"";"XC000A0AENR9";"";"";"";"";"";"";"XAMS";"Euronext Amsterdam securities";"7-12-2021 17:40:00";"Euronext Amsterdam securities";"W. Europe Standard Time"
"377378";"1050";"CNY";"Chinese Yuan (EUR / CNY)";"EUR / CNY";"EURCNY";"EURCNY";"";"EU0001458304";"";"";"";"";"";"";"-";"ForEx";"7-12-2021 23:59:59";"Indices";"W. Europe Standard Time"
"377379";"1050";"EUR";"Qatari Riyal (EUR/ QAR)";"(EUR/ QAR)";"EURQAR";"EURQAR";"";"";"";"";"";"";"";"";"-";"ForEx";"7-12-2021 23:59:59";"Indices";"W. Europe Standard Time"
"377380";"1000";"USD";"Palladium Spot (USD)";"Palladium Spot (USD)";"XPDUSD";"XPDUSD";"";"XD0210121592";"";"";"";"";"";"";"-";"Indices";"7-12-2021 23:00:00";"Indices";"W. Europe Standard Time"
"2341175";"1000";"EUR";"ESTX 50 Daily Leverage 4";"ESTX 50 Daily Levera";"SX5TDL4";"SX5TDL4";"";"CH0184409800";"";"7S0L";"";"";"";"";"XEUR";"Eurex Indices";"7-12-2021 17:30:00";"Eurex";"W. Europe Standard Time"
"2341188";"1000";"EUR";"TecDAX Index";"TecDAX Index";"TDXP";"TDXP";"";"DE0007203275";"";"TDXP";"";"";"";"";"XETR";"Frankfurt";"7-12-2021 17:34:59";"Frankfurt";"W. Europe Standard Time"
"2341201";"1000";"EUR";"ShortDAX x3 ";"ShortDAX x3 ";"DL3H";"DL3H";"";"DE000A1EX2F6";"";"DL3H";"";"";"";"";"XETR";"Frankfurt";"7-12-2021 17:34:59";"Frankfurt";"W. Europe Standard Time"
"2341321";"1000";"EUR";"EURO STOXX Automobiles & Parts";"EURO STOXX Automobil";"SXAE";"SXAE";"";"EU0009658301";"";"SXAE";"";"";"";"";"XEUR";"Eurex Indices";"7-12-2021 17:30:00";"Eurex";"W. Europe Standard Time"
"2342409";"1000";"EUR";"STXE 600 Chemicals";"STXE 600 Chemicals";"SX4P";"SX4P";"";"EU0009658608";"";"SX4P";"";"";"";"";"XEUR";"Eurex Indices";"7-12-2021 17:30:00";"Eurex";"W. Europe Standard Time"
"2290682";"1000";"EUR";"VK5L";"VK5L";"VK5L";"VK5L";"";"QS0011249818";"";"VK5L";"";"";"";"";"XPAR";"Euronext Paris";"7-12-2021 17:40:00";"Euronext Paris";"W. Europe Standard Time"
"2290685";"1000";"EUR";"VIE5L";"VIE5L";"VIE5L";"VIE5L";"";"QS0011249826";"";"VIE5L";"";"";"";"";"XPAR";"Euronext Paris";"7-12-2021 17:40:00";"Euronext Paris";"W. Europe Standard Time"
"2273869";"1000";"EUR";"CAC 40 TRIPLE SHORT";"CAC 40 TRIPLE SHORT";"CAC3S";"CAC3S";"";"QS0011146873";"";"CAC3S";"";"";"";"";"XPAR";"Euronext Paris";"7-12-2021 17:40:00";"Euronext Paris";"W. Europe Standard Time"
"2273887";"1000";"EUR";"CAC 40 X5 SHORT";"CAC 40 X5 SHORT";"CAC5S";"CAC5S";"";"QS0011206925";"";"CAC5S";"";"";"";"";"XPAR";"Euronext Paris";"7-12-2021 17:40:00";"Euronext Paris";"W. Europe Standard Time"
"2273894";"1000";"EUR";"CAC SMALL(TRN) Index";"CAC SMALL(TRN) Index";"CACSN";"CACSN";"";"QS0011213707";"";"CACSN";"";"";"";"";"XPAR";"Euronext Paris";"7-12-2021 17:40:00";"Euronext Paris";"W. Europe Standard Time"
"2273900";"1000";"EUR";"GLE3L Index";"GLE3L Index";"SG3L";"SG3L";"";"QS0011216783";"";"GLE3L";"";"";"";"";"XPAR";"Euronext Paris";"7-12-2021 17:40:00";"Euronext Paris";"W. Europe Standard Time"
"2273987";"1000";"EUR";"DG3L Index";"DG3L Index";"DG3L";"DG3L";"";"QS0011216817";"";"DG3L";"";"";"";"";"XPAR";"Euronext Paris";"7-12-2021 17:40:00";"Euronext Paris";"W. Europe Standard Time"
"2274031";"1000";"EUR";"CAC 40 X6 LEV";"CAC 40 X6 LEV";"CAC6L";"CAC6L";"";"QS0011223516";"";"CAC6L";"";"";"";"";"XPAR";"Euronext Paris";"7-12-2021 17:40:00";"Euronext Paris";"W. Europe Standard Time"
"2274035";"1000";"EUR";"CAC 40 X7 LEV";"CAC 40 X7 LEV";"CAC7L";"CAC7L";"";"QS0011223524";"";"CAC7L";"";"";"";"";"XPAR";"Euronext Paris";"7-12-2021 17:40:00";"Euronext Paris";"W. Europe Standard Time"
"2274043";"1000";"EUR";"CAC 40 X7 SHORT";"CAC 40 X7 SHORT";"CAC7S";"CAC7S";"";"QS0011223540";"";"CAC7S";"";"";"";"";"XPAR";"Euronext Paris";"7-12-2021 17:40:00";"Euronext Paris";"W. Europe Standard Time"
"2274045";"1000";"EUR";"CA3L Index";"CA3L";"CA3L";"CA3L";"";"QS0011229752";"";"CA3L";"";"";"";"";"XPAR";"Euronext Paris";"7-12-2021 17:40:00";"Euronext Paris";"W. Europe Standard Time"
"170115";"1000";"EUR";"DJ Euro STOXX Large";"DJ Euro STOXX Large";"DJLARGE";"DJLARGE";"";"CH0009040632";"";"";"";"";"";"";"XEUR";"Eurex";"7-12-2021 22:04:00";"Eurex";"W. Europe Standard Time"
"170116";"1000";"EUR";"DJ Euro STOXX Mid";"DJ Euro STOXX Mid";"DJMID";"DJMID";"";"CH0009042240";"";"";"";"";"";"";"XEUR";"Eurex";"7-12-2021 22:04:00";"Eurex";"W. Europe Standard Time"
"170117";"1000";"EUR";"DJ Euro STOXX Small";"DJ Euro STOXX Small";"DJSMALL";"DJSMALL";"";"CH0009107456";"";"";"";"";"";"";"XEUR";"Eurex";"7-12-2021 22:04:00";"Eurex";"W. Europe Standard Time"
"170118";"1000";"EUR";"DJ Euro STOXX Price";"DJ Euro STOXX Price";"DJPRICE";"DJPRICE";"";"EU0009658186";"";"";"";"";"";"";"XEUR";"Eurex";"7-12-2021 22:04:00";"Eurex";"W. Europe Standard Time"
"2198897";"1000";"EUR";"STOXX Europe 600 Utilities";"STOXX Europe 600 Uti";"GPZ5";"GPZ5";"";"EU0009658962";"";"";"";"";"";"";"XEUR";"Eurex";"7-12-2021 22:04:00";"Eurex";"W. Europe Standard Time"
"2198899";"1000";"EUR";"STOXX Europe 600 Telecommunications";"STOXX Europe 600 Tel";"WQZ5";"WQZ5";"";"EU0009658947";"";"";"";"";"";"";"XEUR";"Eurex";"7-12-2021 22:04:00";"Eurex";"W. Europe Standard Time"
"2198894";"1000";"EUR";"STOXX Europe 600 Oil & Gas";"STOXX Europe 600 Oil";"KGZ5";"KGZ5";"";"EU0009658780";"";"";"";"";"";"";"XEUR";"Eurex";"7-12-2021 22:04:00";"Eurex";"W. Europe Standard Time"
"131797";"1000";"USD";"S&P 500 Index LIGHT";"S&P 500 Index LIGHT";"SP5L";"SP5L";"";"";"";"";"";"";"";"";"XCME";"Chicago Mercantile";"7-12-2021 22:20:00";"Chicago Mercantile";"Central Standard Time"
"131803";"1000";"USD";"Nasdaq 100 Index [D]";"Nasdaq 100 Index [D]";"N100";"N100";"";"";"";"NDX";"";"";"";"";"XNAS";"NASDAQ";"7-12-2021 22:00:00";"NASDAQ";"Eastern Standard Time"
"131804";"1000";"USD";"Nasdaq 100 Index LIGHT";"Nasdaq 100 Index LIG";"L100";"L100";"";"";"";"";"";"";"";"";"XCME";"Chicago Mercantile";"7-12-2021 22:20:00";"Chicago Mercantile";"Central Standard Time"
"135379";"1000";"EUR";"FTSE Eurotop 100";"FTSE Eurotop 100";"8";"8";"";"";"";"";"";"";"";"";"XAMS";"Euronext Amsterdam securities";"7-12-2021 17:40:00";"Euronext Amsterdam securities";"W. Europe Standard Time"
"135380";"1000";"EUR";"CAC 40";"CAC 40";"PXA";"PXA";"";"FR0003500008";"";"CAC";"";"";"";"";"XPAR";"Euronext Paris";"7-12-2021 17:40:00";"Euronext Paris";"W. Europe Standard Time"
"2407382";"1000";"EUR";"Euro Bobl (FGBM) Cont Future";"Euro Bobl (FGBM) Con";"10489";"10489";"";"DE0009652651";"";"";"";"";"";"";"XEUR";"Eurex";"7-12-2021 22:04:00";"Eurex";"W. Europe Standard Time"
"2341155";"1000";"EUR";"ESTX 50 Daily Leverage 3";"ESTX 50 Daily Levera";"SX5TDL3";"SX5TDL3";"";"CH0183708806";"";"09JE";"";"";"";"";"XEUR";"Eurex Indices";"7-12-2021 17:30:00";"Eurex";"W. Europe Standard Time"
"2341197";"1000";"EUR";"DAXglobal Russia";"DAXglobal Russia";"D2AC";"D2AC";"";"DE000A0C4CW4";"";"D2AC";"";"";"";"";"XETR";"Frankfurt";"7-12-2021 17:34:59";"Frankfurt";"W. Europe Standard Time"
"2341198";"1000";"EUR";"ShortDAX x2";"ShortDAX x2";"4NAQ";"4NAQ";"";"DE000A0SNAK2";"";"4NAQ";"";"";"";"";"XETR";"Frankfurt";"7-12-2021 17:34:59";"Frankfurt";"W. Europe Standard Time"
"2341200";"1000";"EUR";"LevDAX x4";"LevDAX x4";"4NAS";"4NAS";"";"DE000A0SNAM8";"";"4NAS";"";"";"";"";"XETR";"Frankfurt";"7-12-2021 17:34:59";"Frankfurt";"W. Europe Standard Time"
"2341203";"1000";"EUR";"LevDAX x6";"LevDAX x6";"DH58";"DH58";"";"DE000A1EXY28";"";"DH58";"";"";"";"";"XETR";"Frankfurt";"7-12-2021 17:34:59";"Frankfurt";"W. Europe Standard Time"
"2341280";"1000";"EUR";"ShortDAX x7 ";"ShortDAX x7 ";"DH6I";"DH6I";"";"DE000A1EXZD1";"";"DH6I";"";"";"";"";"XETR";"Frankfurt";"7-12-2021 17:34:59";"Frankfurt";"W. Europe Standard Time"
"138074";"1000";"GBP";"FTSE 100";"FTSE 100";"6";"6";"";"GB0001383545";"";"UKX";"";"";"";"";"XLON";"London Stock Exchange";"7-12-2021 17:34:59";"London Stock Exchange";"GMT Standard Time"
"2446283";"1000";"EUR";"DJ EStoxx 50 Index Div Cont Fut (FEXD6Z)";"DJ EStoxx 50 Index";"11046";"11046";"";"";"";"FEXD0Y";"";"";"";"";"XEUR";"Eurex";"7-12-2021 22:04:00";"Eurex";"W. Europe Standard Time"
"2341322";"1000";"EUR";"EURO STOXX Banks";"EURO STOXX Banks";"SX7E";"SX7E";"";"EU0009658426";"";"SX7E";"";"";"";"";"XEUR";"Eurex Indices";"7-12-2021 17:30:00";"Eurex";"W. Europe Standard Time"
"617080";"1000";"EUR";"MIBO4W";"MIBO4W";"MIBO4W";"MIBO4W";"";"IT0003465736";"";"";"";"";"";"";"MTAA";"MTA INTERNATIONAL - GERMAN SHARES";"7-12-2021 17:36:00";"Milan";"W. Europe Standard Time"
"617081";"1000";"EUR";"MIBO5W";"MIBO5W";"MIBO5W";"MIBO5W";"";"IT0003465736";"";"";"";"";"";"";"MTAA";"MTA INTERNATIONAL - GERMAN SHARES";"7-12-2021 17:36:00";"Milan";"W. Europe Standard Time"
"617082";"1000";"EUR";"MIBO1W";"MIBO1W";"MIBO1W";"MIBO1W";"";"IT0003465736";"";"";"";"";"";"";"MTAA";"MTA INTERNATIONAL - GERMAN SHARES";"7-12-2021 17:36:00";"Milan";"W. Europe Standard Time"
"617083";"1000";"EUR";"MIBO2W";"MIBO2W";"MIBO2W";"MIBO2W";"";"IT0003465736";"";"";"";"";"";"";"MTAA";"MTA INTERNATIONAL - GERMAN SHARES";"7-12-2021 17:36:00";"Milan";"W. Europe Standard Time"
"955256";"1000";"USD";"CBOE S&P 500 Volatility Index";"CBOE S&P 500 Volatil";"VIX";"VIX";"";"US12497K1007";"";"VIX";"";"";"";"";"XCME";"Chicago Mercantile";"7-12-2021 22:20:00";"Chicago Mercantile";"Central Standard Time"
"2290666";"1000";"EUR";"CAC 40 X10 LEV ";"CAC10L";"CAC10L";"CAC10L";"";"QS0011231642";"";"CA10L";"";"";"";"";"XPAR";"Euronext Paris";"7-12-2021 17:40:00";"Euronext Paris";"W. Europe Standard Time"
"2290677";"1000";"EUR";"GSZ5L";"GSZ5L";"GSZ5L";"GSZ5L";"";"QS0011249768";"";"ENG5L";"";"";"";"";"XPAR";"Euronext Paris";"7-12-2021 17:40:00";"Euronext Paris";"W. Europe Standard Time"
"2290680";"1000";"EUR";"GLE5L";"GLE5L";"GLE5L";"GLE5L";"";"QS0011249792";"";"GLE5L";"";"";"";"";"XPAR";"Euronext Paris";"7-12-2021 17:40:00";"Euronext Paris";"W. Europe Standard Time"
"2290686";"1000";"EUR";"DG5L";"DG5L";"DG5L";"DG5L";"";"QS0011249834";"";"DG5L";"";"";"";"";"XPAR";"Euronext Paris";"7-12-2021 17:40:00";"Euronext Paris";"W. Europe Standard Time"
"2290693";"1000";"EUR";"CAC 40 EXT Index";"CAC 40 EXT Index";"CAEXT INDEX";"CAEXT INDEX";"";"QS0011252754";"";"CAEXT";"";"";"";"";"XPAR";"Euronext Paris";"7-12-2021 17:40:00";"Euronext Paris";"W. Europe Standard Time"
"2407370";"1000";"EUR";"Short Term Euro-BTP (FBTS) Cont Future";"Short Term Euro-BTP";"10539";"10539";"";"DE000A1EZJ09";"";"";"";"";"";"";"XEUB";"Eurex Bund";"7-12-2021 22:04:00";"Eurex Bund";"W. Europe Standard Time"
"2342419";"1000";"EUR";"STOXX EU600 Technology";"STOXX EU600 Technolo";"SX8P";"SX8P";"";"EU0009658921";"";"SX8P";"";"";"";"";"XEUR";"Eurex Indices";"7-12-2021 17:30:00";"Eurex";"W. Europe Standard Time"
"2407077";"1000";"EUR";"Euro Bund (FGBL) Cont Future";"Euro Bund (FGBL) Con";"10414";"10414";"";"DE0009652644";"";"";"";"";"";"";"XEUR";"Eurex";"7-12-2021 22:04:00";"Eurex";"W. Europe Standard Time"
"2342415";"1000";"EUR";"STXE 600 Financial Services";"STXE 600 Financial S";"SXFP";"SXFP";"";"EU0009658848";"";"SXFP";"";"";"";"";"XEUR";"Eurex Indices";"7-12-2021 17:30:00";"Eurex";"W. Europe Standard Time"
"2342418";"1000";"EUR";"STXE 600 Constr. & Materials";"STXE 600 Constr. & M";"SXOP";"SXOP";"";"EU0009658889";"";"SXOP";"";"";"";"";"XEUR";"Eurex Indices";"7-12-2021 17:30:00";"Eurex";"W. Europe Standard Time"
"2341146";"1000";"EUR";"STXE 600 Travel & Leisure ";"STXE 600 Travel & Le";"SXTP";"SXTP";"";"CH0019112744";"";"Q1G";"";"";"";"SXTP";"XEUR";"Eurex Indices";"7-12-2021 17:30:00";"Eurex";"W. Europe Standard Time"
"2341149";"1000";"EUR";"STOXX EU Enlarged 15";"STOXX EU Enlarged 15";"EUE15P";"EUE15P";"";"CH0019767471";"";"U83";"";"";"";"";"XEUR";"Eurex Indices";"7-12-2021 17:30:00";"Eurex";"W. Europe Standard Time"
"2341159";"1000";"EUR";"ESTX 50 Daily short 3";"ESTX 50 Daily short ";"SX5GT3S";"SX5GT3S";"";"CH0183709143";"";"09JR";"";"";"";"";"XEUR";"Eurex Indices";"7-12-2021 17:30:00";"Eurex";"W. Europe Standard Time"
"2446284";"1000";"EUR";"Euro OAT Cont Future (FOAT6H)";"Euro OAT Cont Future";"10825";"10825";"";"DE000A1MAPW3";"";"FOAT0Y";"";"";"";"";"XEUR";"Eurex";"7-12-2021 22:04:00";"Eurex";"W. Europe Standard Time"
"2446286";"1000";"JPY";"Nikkei/Yen Cont Future (@NIY6H)";"Nikkei/Yen Cont Fut";"11024";"11024";"";"";"";"NIY0Y";"";"";"";"";"XCME";"Chicago Mercantile";"7-12-2021 22:20:00";"Chicago Mercantile";"Central Standard Time"
"1319887";"1000";"EUR";"STOXX Global 1800 ex Asia/Pacific NR";"STOXX Global 1800 ex";"SXW9R";"SXW9R";"";"CH0111485295";"";"";"";"";"";"";"XEUR";"Eurex";"7-12-2021 22:04:00";"Eurex";"W. Europe Standard Time"
"2144814";"1000";"EUR";"MDAX -old-";"MDAX";"MDAX.IT";"MDAX.IT";"";"";"";"";"";"";"";"123456789";"XEUR";"Eurex Indices";"7-12-2021 17:30:00";"Eurex";"W. Europe Standard Time"
"2342457";"1000";"USD";"Dummy Options SPX";"Dummy Options SPX";"SPX";"SPX.US";"";"";"";"";"";"";"";"";"XCME";"Chicago Mercantile";"7-12-2021 22:20:00";"Chicago Mercantile";"Central Standard Time"
"1170368";"1000";"EUR";"STOXX Global 1800 ex Asia/Pacific";"STOXX Global 1800 ex";"SXW9E";"SXW9E";"";"CH0111485287";"";"";"";"";"";"";"XEUR";"Eurex";"7-12-2021 22:04:00";"Eurex";"W. Europe Standard Time"
"2341160";"1000";"EUR";"ESTX 50 Daily short 5";"ESTX 50 Daily short ";"SX5GT5S";"SX5GT5S";"";"CH0183709333";"";"09JW";"";"";"";"";"XEUR";"Eurex Indices";"7-12-2021 17:30:00";"Eurex";"W. Europe Standard Time"
"2341167";"1000";"EUR";"ESTX 50 Daily short 7";"ESTX 50 Daily short ";"SX5GT7S";"SX5GT7S";"";"CH0184409610";"";"0A91";"";"";"";"";"XEUR";"Eurex Indices";"7-12-2021 17:30:00";"Eurex";"W. Europe Standard Time"
"2341177";"1000";"EUR";"ESTX 50 Daily short 4";"ESTX 50 Daily short ";"SX5GT4S";"SX5GT4S";"";"CH0184409859";"";"7S0R";"";"";"";"";"XEUR";"Eurex Indices";"7-12-2021 17:30:00";"Eurex";"W. Europe Standard Time"
"2341183";"1000";"EUR";"ESTX 50 Daily short 6";"ESTX 50 Daily short ";"SX5GT6S";"SX5GT6S";"";"CH0184410030";"";"7S00";"";"";"";"";"XEUR";"Eurex Indices";"7-12-2021 17:30:00";"Eurex";"W. Europe Standard Time"
"2341193";"1000";"EUR";"MDAX Index";"MDAX";"MDAX";"MDAX";"";"DE0008467416";"";"MDAX";"";"";"";"";"XETR";"Frankfurt";"7-12-2021 17:34:59";"Frankfurt";"W. Europe Standard Time"
"2341195";"1000";"EUR";"DAXglobal Alternative Energy";"DAXglobal Alternativ";"D1AM";"D1AM";"";"DE000A0C4B67";"";"D1AM";"";"";"";"";"XETR";"Frankfurt";"7-12-2021 17:34:59";"Frankfurt";"W. Europe Standard Time"
"2341199";"1000";"EUR";"ShortDAX x4 ";"ShortDAX x4";"4NAR";"4NAR";"";"DE000A0SNAL0";"";"4NAR";"";"";"";"";"XETR";"Frankfurt";"7-12-2021 17:34:59";"Frankfurt";"W. Europe Standard Time"
"2341202";"1000";"EUR";"LevDAX x3";"LevDAX x3";"DL3Z";"DL3Z";"";"DE000A1EX2Y7";"";"DL3Z";"";"";"";"";"XETR";"Frankfurt";"7-12-2021 17:34:59";"Frankfurt";"W. Europe Standard Time"
"2341210";"1000";"EUR";"ShortDAX x6";"ShortDAX x6 ";"DH6H";"DH6H";"";"DE000A1EXZC3";"";"DH6H";"";"";"";"";"XETR";"Frankfurt";"7-12-2021 17:34:59";"Frankfurt";"W. Europe Standard Time"
"2341158";"1000";"EUR";"ESTX 50 Daily Leverage 5";"ESTX 50 Daily Levera";"SX5TDL5";"SX5TDL5";"";"CH0183709044";"";"09JL";"";"";"";"";"XEUR";"Eurex Indices";"7-12-2021 17:30:00";"Eurex";"W. Europe Standard Time"
"456487";"1000";"EUR";"DJ EURO STOXX Total Market (Total Ret)";"DJ EURO STOXX Total ";"BKXT";"BKXT";"";"CH0009119642";"";"";"";"";"";"";"XEUR";"Eurex";"7-12-2021 22:04:00";"Eurex";"W. Europe Standard Time"
"456927";"1000";"EUR";"FTSE Italia All-Share Index";"FTSE Italia All-Shar";"ITLMS";"ITLMS";"";"";"";"";"";"";"";"";"MTAA";"MTA INTERNATIONAL - GERMAN SHARES";"7-12-2021 17:36:00";"Milan";"W. Europe Standard Time"
"456928";"1000";"EUR";"FTSE Italia Mid Cap Index";"FTSE Italia Mid Cap";"ITMC";"ITMC";"";"";"";"";"";"";"";"";"MTAA";"MTA INTERNATIONAL - GERMAN SHARES";"7-12-2021 17:36:00";"Milan";"W. Europe Standard Time"
"456929";"1000";"EUR";"FTSE Italia Micro Cap Index";"FTSE Italia Micro Ca";"FITMI";"FITMI";"";"";"";"";"";"";"";"";"MTAA";"MTA INTERNATIONAL - GERMAN SHARES";"7-12-2021 17:36:00";"Milan";"W. Europe Standard Time"
"456930";"1000";"EUR";"FTSE Italia Small Cap Index";"FTSE Italia Small Ca";"FITSC";"FITSC";"";"";"";"";"";"";"";"";"MTAA";"MTA INTERNATIONAL - GERMAN SHARES";"7-12-2021 17:36:00";"Milan";"W. Europe Standard Time"
"456931";"1000";"EUR";"FTSE Italia STAR Index";"FTSE Italia STAR Ind";"ITSTAR";"ITSTAR";"";"";"";"";"";"";"";"";"MTAA";"MTA INTERNATIONAL - GERMAN SHARES";"7-12-2021 17:36:00";"Milan";"W. Europe Standard Time"
"429323";"1000";"EUR";"STOXX Europe 50 Index";"STOXX Europe 50 Inde";"ES50";"ES50";"";"EU0009658160";"";"";"";"";"";"";"XEUR";"Eurex";"7-12-2021 22:04:00";"Eurex";"W. Europe Standard Time"
"410008";"1050";"CZK";"Czech Koruna (EUR / CZK)";"EUR / CZK";"EURCZK";"EURCZK";"";"EU0006169831";"";"";"";"";"";"";"-";"ForEx";"7-12-2021 23:59:59";"Indices";"W. Europe Standard Time"
"408159";"1000";"USD";"Crude Oil Future";"Crude Oil Future";"OIL";"OIL";"";"";"";"";"";"";"";"";"XCME";"Chicago Mercantile";"7-12-2021 22:20:00";"Chicago Mercantile";"Central Standard Time"
"193484";"1000";"EUR";"FTSE MIB";"FTSE MIB";"MIBO";"MIBO";"";"IT0003465736";"";"FTSEMIB";"";"";"";"";"MTAA";"MTA INTERNATIONAL - GERMAN SHARES";"7-12-2021 17:36:00";"Milan";"W. Europe Standard Time"
"376352";"1050";"BRL";"Brazilian Real (EUR / BRL)";"EUR / BRL";"EURBRL";"EURBRL";"";"EU0006169823";"";"";"";"";"";"";"-";"ForEx";"7-12-2021 23:59:59";"Indices";"W. Europe Standard Time"
"377377";"1050";"CHF";"Swiss Franc (USD / CHF)";"USD / CHF";"USDCHF";"USDCHF";"";"XC0009652816";"FX000USD2CHF";"";"";"";"";"";"XAMS";"Euronext Amsterdam securities";"7-12-2021 17:40:00";"Euronext Amsterdam securities";"W. Europe Standard Time"
"446296";"1000";"EUR";"AEX XBEAR GR Index";"AEX XBEAR GR Index";"100";"100";"";"QS0011100854";"";"";"";"";"";"";"XAMS";"Euronext Amsterdam securities";"7-12-2021 17:40:00";"Euronext Amsterdam securities";"W. Europe Standard Time"
"1973520";"1000";"EUR";"Euro STOXX NR";"Euro STOXX NR";"SXXT";"SXXT";"";"EU0009658194";"";"";"";"";"";"";"XEUR";"Eurex";"7-12-2021 22:04:00";"Eurex";"W. Europe Standard Time"
"1973517";"1000";"EUR";"STOXX Europe 600 ex-UK NR ";"STOXX Europe 600 ex-";"SXXG";"SXXG";"";"CH0004352958";"";"";"";"";"";"";"XEUR";"Eurex";"7-12-2021 22:04:00";"Eurex";"W. Europe Standard Time"
"1973523";"1000";"EUR";"STOXX USA Total Market NR ";"STOXX USA Total Mark";"TCUSR";"TCUSR";"";"CH0114209155";"";"";"";"";"";"";"XEUR";"Eurex";"7-12-2021 22:04:00";"Eurex";"W. Europe Standard Time"
"2290668";"1000";"EUR";"VK3L Index";"VK3L";"VK3L";"VK3L";"";"QS0011235825";"";"VK3L";"";"";"";"";"XPAR";"Euronext Paris";"7-12-2021 17:40:00";"Euronext Paris";"W. Europe Standard Time"
"2290670";"1000";"EUR";"ALO3L Index";"ALO3L";"ALO3L ";"ALO3L ";"";"QS0011236013";"";"ALO3L";"";"";"";"";"XPAR";"Euronext Paris";"7-12-2021 17:40:00";"Euronext Paris";"W. Europe Standard Time"
"391570";"1000";"EUR";"BEL 20 BXO opties";"BEL 20 BXO opties";"BXO";"BXO";"";"";"";"";"";"";"";"";"XBRU";"Euronext Brussels";"7-12-2021 17:40:00";"Euronext Brussels";"W. Europe Standard Time"
"2991765";"1000";"EUR";"Euro-Buxl (FGBX) Cont Future";"Euro-Buxl (FGBX) Con";"18464";"18464";"";"DE0009652636";"";"";"";"";"";"";"XEUR";"Eurex";"7-12-2021 22:04:00";"Eurex";"W. Europe Standard Time"
"4243442";"1000";"EUR";"Three-Month EURIBOR (FEU3) Cont Future";"Three-Month EURIBOR";"34295";"34295";"";"DE000C14W5M9";"";"";"";"";"";"";"XEUR";"Eurex";"7-12-2021 22:04:00";"Eurex";"W. Europe Standard Time"
"376341";"1050";"JPY";"Japanese Yen (EUR / JPY)";"EUR / JPY";"EURJPY";"EURJPY";"";"EU0009652627";"";"";"";"";"";"";"-";"ForEx";"7-12-2021 23:59:59";"Indices";"W. Europe Standard Time"
"376342";"1050";"NOK";"Norwegian Krone (EUR / NOK)";"EUR / NOK";"EURNOK";"EURNOK";"";"EU0009654698";"";"";"";"";"";"EURNOK";"-";"ForEx";"7-12-2021 23:59:59";"Indices";"W. Europe Standard Time"
"376345";"1050";"SEK";"Swedish Krona (EUR / SEK)";"EUR / SEK";"EURSEK";"EURSEK";"";"EU0009654672";"";"";"";"";"";"EURSEK";"-";"ForEx";"7-12-2021 23:59:59";"Indices";"W. Europe Standard Time"
"376346";"1050";"USD";"US Dollar (EUR / USD)";"EUR / USD";"EURUSD";"EURUSD";"";"EU0009652759";"";"";"";"";"";"";"-";"ForEx";"7-12-2021 23:59:59";"Indices";"W. Europe Standard Time"
"376348";"1050";"EUR";"Argentine Peso (EUR/ ARS)";"(EUR/ ARS)";"EURARS";"EURARS";"";"EU0006169807";"";"";"";"";"";"";"-";"ForEx";"7-12-2021 23:59:59";"Indices";"W. Europe Standard Time"
"376349";"1050";"AUD";"Australian Dollar (EUR / AUD)";"EUR / AUD";"EURAUD";"EURAUD";"";"EU0009654748";"";"";"";"";"";"";"-";"ForEx";"7-12-2021 23:59:59";"Indices";"W. Europe Standard Time"
"376357";"1050";"ISK";"Iceland Krona (EUR / ISK)";"(EUR / ISK)";"EURISK";"EURISK";"";"EU0006014037";"";"";"";"";"";"";"-";"ForEx";"7-12-2021 23:59:59";"Indices";"W. Europe Standard Time"
"376360";"1050";"EUR";"Zimbabwean Dollar (EUR/ ZWD)";"EUR / ZWN";"EURZWN";"EURZWN";"";"";"";"";"";"";"";"";"-";"ForEx";"7-12-2021 23:59:59";"Indices";"W. Europe Standard Time"
"376337";"1050";"CAD";"Canadian Dollar (EUR / CAD)";"EUR / CAD";"EURCAD";"EURCAD";"";"EU0009654664";"";"";"";"";"";"EURCAD";"-";"ForEx";"7-12-2021 23:59:59";"Indices";"W. Europe Standard Time"
"376338";"1050";"CHF";"Swiss Franc (EUR / CHF)";"EUR / CHF";"EURCHF";"EURCHF";"";"EU0009654078";"";"";"";"";"";"";"-";"ForEx";"7-12-2021 23:59:59";"Indices";"W. Europe Standard Time"
"2273854";"1000";"EUR";"CAC40 Leverage";"CAC40 Leverage";"CACLV";"CACLV";"";"QS0011095815";"";"CACLV";"";"";"";"";"XPAR";"Euronext Paris";"7-12-2021 17:40:00";"Euronext Paris";"W. Europe Standard Time"
"2273860";"1000";"EUR";"CAC 40 DOUBLE SHORT";"CAC 40 DOUBLE SHORT";"CAC2S";"CAC2S";"";"QS0011146865";"";"CAC2S";"";"";"";"";"XPAR";"Euronext Paris";"7-12-2021 17:40:00";"Euronext Paris";"W. Europe Standard Time"
"2273881";"1000";"EUR";"CAC 40 X5 LEV";"CAC 40 X5 LEV";"CAC5L";"CAC5L";"";"QS0011206016";"";"CAC5L";"";"";"";"";"XPAR";"Euronext Paris";"7-12-2021 17:40:00";"Euronext Paris";"W. Europe Standard Time"
"2273895";"1000";"EUR";"FRANCE BNP2L Index";"FRANCE BNP2L Index";"BNP2L";"BNP2L";"";"QS0011216593";"";"BNP2L";"";"";"";"";"XPAR";"Euronext Paris";"7-12-2021 17:40:00";"Euronext Paris";"W. Europe Standard Time"
"2273896";"1000";"EUR";"FRANCE BNP3L Index";"FRANCE BNP3L Index";"BNP3L";"BNP3L";"";"QS0011216726";"";"BNP3L";"";"";"";"";"XPAR";"Euronext Paris";"7-12-2021 17:40:00";"Euronext Paris";"W. Europe Standard Time"
"2273990";"1000";"EUR";"UG3L Index";"UG3L Index";"UG3L";"UG3L";"";"QS0011216825";"";"UG3L";"";"";"";"";"XPAR";"Euronext Paris";"7-12-2021 17:40:00";"Euronext Paris";"W. Europe Standard Time"
"2733152";"1000";"EUR";"Euro Stoxx 50 Volatilty";"Euro Stoxx 50 Volati";"FVS";"14954";"";"DE000A0C3QF1";"";"";"";"";"";"";"XEUR";"Eurex";"7-12-2021 22:04:00";"Eurex";"W. Europe Standard Time"
"2752918";"1050";"EUR";"CHF / EUR";"CHF / EUR";"CHFEUR";"CHFEUR";"";"";"BBG0013HQ1S5";"";"";"";"";"";"XAMS";"Euronext Amsterdam securities";"7-12-2021 17:40:00";"Euronext Amsterdam securities";"W. Europe Standard Time"
"2573758";"1000";"EUR";"1PX";"1PX";"1PX";"1PX";"";"";"";"";"";"";"";"";"XPAR";"Euronext Paris";"7-12-2021 17:40:00";"Euronext Paris";"W. Europe Standard Time"
"2752917";"1050";"EUR";"CAD / EUR";"CAD / EUR";"CADEUR";"CADEUR";"";"AU000WORQ193";"BBG0013HQ178";"";"";"";"";"";"XAMS";"Euronext Amsterdam securities";"7-12-2021 17:40:00";"Euronext Amsterdam securities";"W. Europe Standard Time"
"2753018";"1050";"EUR";"ZAR / EUR";"ZAR / EUR";"ZAREUR";"ZAREUR";"";"";"BBG0013HQ1K3";"";"";"";"";"";"XAMS";"Euronext Amsterdam securities";"7-12-2021 17:40:00";"Euronext Amsterdam securities";"W. Europe Standard Time"
"1359251";"1060";"EUR";"ITCPIUNR";"ITCPIUNR";"ITCPIUNR";"ITCPIUNR";"";"";"";"ITCPIUNR";"";"";"";"";"-";"Indices";"7-12-2021 23:00:00";"Indices";"W. Europe Standard Time"
"2729514";"1050";"GBP";"British Pound (EUR / GBP) (Future)";"British Pound (EUR /";"EURPOUND";"EURPOUND";"";"";"";"";"";"";"";"";"XAMS";"Euronext Amsterdam securities";"7-12-2021 17:40:00";"Euronext Amsterdam securities";"W. Europe Standard Time"
"1495636";"1000";"EUR";"Stoxx 1800 ex apac (t/m sep-14 Stoxx EU)";"Stoxx 1800 ex apac (";"X0A2";"X0A2.SIM";"";"";"";"";"";"";"";"";"-";"Indices";"7-12-2021 23:00:00";"Indices";"W. Europe Standard Time"
"2658621";"1000";"EUR";"STOXX Europe 600";"STOXX Europe 600";"SXXP";"SXXP";"";"EU0009658202";"";"SXXP";"";"";"";"";"XEUR";"Eurex Indices";"7-12-2021 17:30:00";"Eurex";"W. Europe Standard Time"
"42054";"1000";"EUR";"AMX-Index";"AMX";"AMX";"AMX";"";"NL0000249274";"";"AMX";"";"";"";"";"XAMS";"Euronext Amsterdam securities";"7-12-2021 17:40:00";"Euronext Amsterdam securities";"W. Europe Standard Time"
"814613";"1060";"EUR";".";".";"530356";"530356";"";"";"";"";"";"";"";"";"-";"Indices";"7-12-2021 23:00:00";"Indices";"W. Europe Standard Time"
"686741";"1000";"EUR";"MFI100";"MFI100";"MFI100";"MFI100";"";"";"";"";"";"";"";"";"MTAA";"MTA INTERNATIONAL - GERMAN SHARES";"7-12-2021 17:36:00";"Milan";"W. Europe Standard Time"
"735823";"1060";"EUR";"CPTFEMU";"CPTFEMU";"CPTFEMU";"CPTFEMU";"";"";"";"CPTFEMU";"";"";"";"";"-";"Indices";"7-12-2021 23:00:00";"Indices";"W. Europe Standard Time"
"12702";"1000";"EUR";"FTSE Eurotop 110/10 index";"FTSE Eurotop 110/10";"ET1";"ET1";"";"";"";"99189";"";"";"";"";"XEUE";"Euronext Amsterdam Options";"7-12-2021 17:30:00";"Euronext Amsterdam options";"W. Europe Standard Time"
"12452";"1000";"EUR";"AEX-index light";"AEX-index light";"AEL";"AEL";"";"";"";"99184";"";"";"";"";"XEUE";"Euronext Amsterdam Options";"7-12-2021 17:30:00";"Euronext Amsterdam options";"W. Europe Standard Time"
"13264";"1000";"EUR";"FTSE Eurostars-index 100 x 1/10";"FTSE Eurostars-index";"STAR";"STAR";"";"";"";"";"";"";"";"";"XEUE";"Euronext Amsterdam Options";"7-12-2021 17:30:00";"Euronext Amsterdam options";"W. Europe Standard Time"
"11624";"1000";"EUR";"Top 100 index";"Top 100 index";"E100";"E100";"";"";"";"99199";"";"";"";"";"XAMS";"Euronext Amsterdam securities";"7-12-2021 17:40:00";"Euronext Amsterdam securities";"W. Europe Standard Time"
"191264";"1000";"HKD";"Hang Seng [D]";"Hang Seng [D]";"HSI";"HSI";"";"HK0000004322";"";"";"";"";"";"";"XHKG";"Hong Kong Stock Exchange";"8-12-2021 09:00:00";"Hong Kong Stock Exchange";"China Standard Time"
"20693";"1000";"EUR";"Amsterdam Midkap Index 1/10";"Amsterdam Midkap Ind";"MID";"MID";"";"";"";"";"";"";"";"";"XEUE";"Euronext Amsterdam Options";"7-12-2021 17:30:00";"Euronext Amsterdam options";"W. Europe Standard Time"
"27463";"1000";"USD";"Nasdaq 100 mini future";"Nasdaq 100 mini fut";"NAS";"NAS";"";"US6311011026";"";"";"";"";"";"";"XCME";"Chicago Mercantile";"7-12-2021 22:20:00";"Chicago Mercantile";"Central Standard Time"
"3829";"1000";"EUR";"AEX-Index";"AEX";"AEX";"AEX";"";"NL0000000107";"";"99194";"";"";"";"";"XEUE";"Euronext Amsterdam Options";"7-12-2021 17:30:00";"Euronext Amsterdam options";"W. Europe Standard Time"
"3830";"1000";"EUR";"DAX Index";"DAX";"DAX";"DAX";"";"DE0008469008";"";"DAX";"";"";"";"";"XEUR";"Eurex Indices";"7-12-2021 17:30:00";"Eurex";"W. Europe Standard Time"
"3831";"1000";"USD";"Dow mini future";"Dow mini future";"DJI";"DJI";"";"US2605661048";"";"";"";"";"";"";"XCME";"Chicago Mercantile";"7-12-2021 22:20:00";"Chicago Mercantile";"Central Standard Time"
"3833";"1000";"EUR";"TOP 5 index";"TOP 5 index";"TOP5";"TOP5";"";"";"";"99200";"";"";"";"";"XEUE";"Euronext Amsterdam Options";"7-12-2021 17:30:00";"Euronext Amsterdam options";"W. Europe Standard Time"
"3834";"1050";"EUR";"Dollar/Euro";"Dollar/Euro";"DEX";"DEX";"";"";"";"99201";"";"";"";"";"XEUE";"Euronext Amsterdam Options";"7-12-2021 17:30:00";"Euronext Amsterdam options";"W. Europe Standard Time"
"1030472";"1000";"EUR";"ODAX options";"ODAX options";"ODAX";"ODAX";"";"";"";"";"";"";"";"";"XEUR";"Eurex Indices";"7-12-2021 17:30:00";"Eurex";"W. Europe Standard Time"
"1030473";"1000";"EUR";"OESX options";"OESX options";"OESX";"OESX";"";"";"";"";"";"";"";"";"XEUR";"Eurex Indices";"7-12-2021 17:30:00";"Eurex";"W. Europe Standard Time"
"2290679";"1000";"EUR";"RNO5L";"RNO5L";"RNO5L";"RNO5L";"";"QS0011249784";"";"RNO5L";"";"";"";"";"XPAR";"Euronext Paris";"7-12-2021 17:40:00";"Euronext Paris";"W. Europe Standard Time"
"2290671";"1000";"EUR";"CRD3L Index";"CRD3L";"CRD3L";"CRD3L";"";"QS0011243936";"";"CRD3L";"";"";"";"";"XPAR";"Euronext Paris";"7-12-2021 17:40:00";"Euronext Paris";"W. Europe Standard Time"
"2290672";"1000";"EUR";"CAC 40 X 12 LEV ";"CAC 40 X 12 LEV ";"CA12L";"CA12L";"";"QS0011249693";"";"CA12L";"";"";"";"";"XPAR";"Euronext Paris";"7-12-2021 17:40:00";"Euronext Paris";"W. Europe Standard Time"
"2290673";"1000";"EUR";"CAC 40 X 12 SH";"CA12S";"CA12S";"CA12S";"";"QS0011249701";"";"CA12S";"";"";"";"";"XPAR";"Euronext Paris";"7-12-2021 17:40:00";"Euronext Paris";"W. Europe Standard Time"
"2290674";"1000";"EUR";"CS5L Index";"CS5L";"CS5L";"CS5L";"";"QS0011249719";"";"CS5L";"";"";"";"";"XPAR";"Euronext Paris";"7-12-2021 17:40:00";"Euronext Paris";"W. Europe Standard Time"
"2290675";"1000";"EUR";"BNP5L Index";"BNP5L";"BNP5L";"BNP5L";"";"QS0011249727";"";"BNP5L";"";"";"";"";"XPAR";"Euronext Paris";"7-12-2021 17:40:00";"Euronext Paris";"W. Europe Standard Time"
"2290676";"1000";"EUR";"EN5L";"EN5L";"EN5L";"EN5L";"";"QS0011249735";"";"EN5L";"";"";"";"";"XPAR";"Euronext Paris";"7-12-2021 17:40:00";"Euronext Paris";"W. Europe Standard Time"
"2290678";"1000";"EUR";"UG5L";"UG5L";"UG5L";"UG5L";"";"QS0011249776";"";"UG5L";"";"";"";"";"XPAR";"Euronext Paris";"7-12-2021 17:40:00";"Euronext Paris";"W. Europe Standard Time"
"951511";"1000";"EUR";"MXNL";"MXNL";"MXNL";"MXNL";"";"";"";"";"";"";"";"";"XAMS";"Euronext Amsterdam securities";"7-12-2021 17:40:00";"Euronext Amsterdam securities";"W. Europe Standard Time"
"909989";"1000";"EUR";"XNL08";"XNL08";"XNL08";"XNL08";"";"";"";"";"";"";"";"";"XAMS";"Euronext Amsterdam securities";"7-12-2021 17:40:00";"Euronext Amsterdam securities";"W. Europe Standard Time"
"145018";"1050";"USD";"EUR / USD";"EUR/USD";"US DOLLAR";"US DOLLAR";"";"";"EU0009652759";"";"";"";"";"";"-";"ForEx";"7-12-2021 23:59:59";"Indices";"W. Europe Standard Time"
"2198895";"1000";"EUR";"STOXX Europe 600 Insurance";"STOXX Europe 600 Ins";"JVZ5";"JVZ5";"";"EU0009658822";"";"";"";"";"";"";"XEUR";"Eurex";"7-12-2021 22:04:00";"Eurex";"W. Europe Standard Time"
"2198896";"1000";"EUR";"STOXX Europe 600 Basic Resources";"STOXX Europe 600 Bas";"JSZ5";"JSZ5";"";"EU0009658624";"";"";"";"";"";"";"XEUR";"Eurex";"7-12-2021 22:04:00";"Eurex";"W. Europe Standard Time"
"2198900";"1000";"EUR";"STOXX Europe 600 Industrial Goods & Serv";"STOXX Europe 600 Ind";"QBZ5";"QBZ5";"";"EU0009658905";"";"";"";"";"";"";"XEUR";"Eurex";"7-12-2021 22:04:00";"Eurex";"W. Europe Standard Time"
"959579";"1050";"USD";"PDX";"PDX";"PDX";"PDX";"";"";"";"";"";"";"";"";"XAMS";"Euronext Amsterdam securities";"7-12-2021 17:40:00";"Euronext Amsterdam securities";"W. Europe Standard Time"
"959576";"1050";"EUR";"GBP / EUR";"GBP / EUR";"GBPEUR";"GBPEUR";"";"";"";"";"";"";"";"";"XAMS";"Euronext Amsterdam securities";"7-12-2021 17:40:00";"Euronext Amsterdam securities";"W. Europe Standard Time"
"959577";"1050";"EUR";"PEX";"PEX";"PEX";"PEX";"";"";"";"";"";"";"";"";"XAMS";"Euronext Amsterdam securities";"7-12-2021 17:40:00";"Euronext Amsterdam securities";"W. Europe Standard Time"
"1878426";"1050";"USD";"M6E micro EUR / USD Future";"M6E micro EUR / USD";"M6E.IND";"M6E.IND";"";"";"";"";"";"";"";"";"-";"Indices";"7-12-2021 23:00:00";"Indices";"W. Europe Standard Time"
"973196";"1000";"EUR";"MFA";"MFA";"MFA.IND";"MFA.IND";"";"";"";"";"";"";"";"";"XAMS";"Euronext Amsterdam securities";"7-12-2021 17:40:00";"Euronext Amsterdam securities";"W. Europe Standard Time"
"852161";"1050";"NZD";"New Zealand Dollar (EUR / NZD)";"EUR / NZD";"EURNZD";"EURNZD";"";"";"";"";"";"";"";"";"-";"ForEx";"7-12-2021 23:59:59";"Indices";"W. Europe Standard Time"
"852162";"1050";"PHP";"Philippines Peso (EUR / PHP)";"EUR / PHP";"EURPHP";"EURPHP";"";"";"";"";"";"";"";"";"-";"ForEx";"7-12-2021 23:59:59";"Indices";"W. Europe Standard Time"
"863341";"1050";"USD";"JPY / USD";"JPY / USD";"JPYUSD";"JPYUSD";"";"";"";"";"";"";"";"";"-";"Indices";"7-12-2021 23:00:00";"Indices";"W. Europe Standard Time"
"863342";"1050";"USD";"AUD / USD";"AUD / USD";"AUDUSD";"AUDUSD";"";"XC000A0E4TC6";"";"";"";"";"";"";"-";"ForEx";"7-12-2021 23:59:59";"Indices";"W. Europe Standard Time"
"863343";"1050";"USD";"CAD / USD";"CAD / USD";"CADUSD";"CADUSD";"MXXXXX";"";"";"";"";"";"";"";"-";"ForEx";"7-12-2021 23:59:59";"Indices";"W. Europe Standard Time"
"863344";"1050";"USD";"CHF / USD";"CHF / USD";"CHFUSD";"CHFUSD";"";"CH0002751649";"";"";"";"";"";"";"-";"ForEx";"7-12-2021 23:59:59";"Indices";"W. Europe Standard Time"
"254956";"1000";"EUR";"A5";"A5";"A5";"A5";"";"";"";"";"";"";"";"";"XAMS";"Euronext Amsterdam securities";"7-12-2021 17:40:00";"Euronext Amsterdam securities";"W. Europe Standard Time"
"254957";"1000";"EUR";"A6";"A6";"A6";"A6";"";"";"";"";"";"";"";"";"XAMS";"Euronext Amsterdam securities";"7-12-2021 17:40:00";"Euronext Amsterdam securities";"W. Europe Standard Time"
"254958";"1000";"EUR";"A11";"A11";"A11";"A11";"";"";"";"";"";"";"";"";"XAMS";"Euronext Amsterdam securities";"7-12-2021 17:40:00";"Euronext Amsterdam securities";"W. Europe Standard Time"
"254959";"1000";"EUR";"A12";"A12";"A12";"A12";"";"";"";"";"";"";"";"";"XAMS";"Euronext Amsterdam securities";"7-12-2021 17:40:00";"Euronext Amsterdam securities";"W. Europe Standard Time"
"254960";"1000";"EUR";"A13";"A13";"A13";"A13";"";"";"";"";"";"";"";"";"XAMS";"Euronext Amsterdam securities";"7-12-2021 17:40:00";"Euronext Amsterdam securities";"W. Europe Standard Time"
"131813";"1000";"EUR";"Euro STOXX50";"Euro STOXX50";"SX5E";"SX5E";"";"EU0009658145";"";"SX5E";"";"";"";"";"XEUR";"Eurex Indices";"7-12-2021 17:30:00";"Eurex";"W. Europe Standard Time"
"252293";"1000";"EUR";"A4";"A4";"A4";"A4";"";"";"";"";"";"";"";"";"XAMS";"Euronext Amsterdam securities";"7-12-2021 17:40:00";"Euronext Amsterdam securities";"W. Europe Standard Time"
"252292";"1000";"EUR";"A3";"A3";"A3";"A3";"";"";"";"";"";"";"";"";"XAMS";"Euronext Amsterdam securities";"7-12-2021 17:40:00";"Euronext Amsterdam securities";"W. Europe Standard Time"
"253391";"1000";"EUR";"A16";"A16";"A16";"A16";"";"";"";"";"";"";"";"";"XAMS";"Euronext Amsterdam securities";"7-12-2021 17:40:00";"Euronext Amsterdam securities";"W. Europe Standard Time"
"252772";"1000";"EUR";"A7";"A7";"A7";"A7";"";"";"";"";"";"";"";"";"XAMS";"Euronext Amsterdam securities";"7-12-2021 17:40:00";"Euronext Amsterdam securities";"W. Europe Standard Time"
"248236";"1000";"USD";"Dow Jones Global exUS Index";"Dow Jones Global exU";"DWX";"DWX";"";"US26064K1117";"";"";"";"";"";"";"XNYS";"NYSE";"7-12-2021 22:00:00";"NYSE";"Eastern Standard Time"
"252865";"1000";"EUR";"A8";"A8";"A8";"A8";"";"";"";"";"";"";"";"";"XAMS";"Euronext Amsterdam securities";"7-12-2021 17:40:00";"Euronext Amsterdam securities";"W. Europe Standard Time"
"252907";"1000";"EUR";"A9";"A9";"A9";"A9";"";"";"";"";"";"";"";"";"XAMS";"Euronext Amsterdam securities";"7-12-2021 17:40:00";"Euronext Amsterdam securities";"W. Europe Standard Time"
"252287";"1000";"EUR";"A2";"A2";"A2";"A2";"";"";"";"";"";"";"";"";"XAMS";"Euronext Amsterdam securities";"7-12-2021 17:40:00";"Euronext Amsterdam securities";"W. Europe Standard Time"
"253024";"1000";"EUR";"A10";"A10";"A10";"A10";"";"";"";"";"";"";"";"";"XAMS";"Euronext Amsterdam securities";"7-12-2021 17:40:00";"Euronext Amsterdam securities";"W. Europe Standard Time"
"253645";"1000";"EUR";"A22";"A22";"A22";"A22";"";"";"";"";"";"";"";"";"XAMS";"Euronext Amsterdam securities";"7-12-2021 17:40:00";"Euronext Amsterdam securities";"W. Europe Standard Time"
"253646";"1000";"EUR";"A23";"A23";"A23";"A23";"";"";"";"";"";"";"";"";"XAMS";"Euronext Amsterdam securities";"7-12-2021 17:40:00";"Euronext Amsterdam securities";"W. Europe Standard Time"
"253647";"1000";"EUR";"A24";"A24";"A24";"A24";"";"";"";"";"";"";"";"";"XAMS";"Euronext Amsterdam securities";"7-12-2021 17:40:00";"Euronext Amsterdam securities";"W. Europe Standard Time"
"253648";"1000";"EUR";"A25";"A25";"A25";"A25";"";"";"";"";"";"";"";"";"XAMS";"Euronext Amsterdam securities";"7-12-2021 17:40:00";"Euronext Amsterdam securities";"W. Europe Standard Time"
"253649";"1000";"EUR";"A26";"A26";"A26";"A26";"";"";"";"";"";"";"";"";"XAMS";"Euronext Amsterdam securities";"7-12-2021 17:40:00";"Euronext Amsterdam securities";"W. Europe Standard Time"
"253650";"1000";"EUR";"A27";"A27";"A27";"A27";"";"";"";"";"";"";"";"";"XAMS";"Euronext Amsterdam securities";"7-12-2021 17:40:00";"Euronext Amsterdam securities";"W. Europe Standard Time"
"253651";"1000";"EUR";"A28";"A28";"A28";"A28";"";"";"";"";"";"";"";"";"XAMS";"Euronext Amsterdam securities";"7-12-2021 17:40:00";"Euronext Amsterdam securities";"W. Europe Standard Time"
"253652";"1000";"EUR";"A29";"A29";"A29";"A29";"";"";"";"";"";"";"";"";"XAMS";"Euronext Amsterdam securities";"7-12-2021 17:40:00";"Euronext Amsterdam securities";"W. Europe Standard Time"
"253653";"1000";"EUR";"A30";"A30";"A30";"A30";"";"";"";"";"";"";"";"";"XAMS";"Euronext Amsterdam securities";"7-12-2021 17:40:00";"Euronext Amsterdam securities";"W. Europe Standard Time"
"253654";"1000";"EUR";"A31";"A31";"A31";"A31";"";"";"";"";"";"";"";"";"XAMS";"Euronext Amsterdam securities";"7-12-2021 17:40:00";"Euronext Amsterdam securities";"W. Europe Standard Time"
"252285";"1000";"EUR";"A1";"A1";"A1";"A1";"";"";"";"";"";"";"";"";"XAMS";"Euronext Amsterdam securities";"7-12-2021 17:40:00";"Euronext Amsterdam securities";"W. Europe Standard Time"
"253362";"1000";"EUR";"A15";"A15";"A15";"A15";"";"";"";"";"";"";"";"";"XAMS";"Euronext Amsterdam securities";"7-12-2021 17:40:00";"Euronext Amsterdam securities";"W. Europe Standard Time"
"253642";"1000";"EUR";"A19";"A19";"A19";"A19";"";"";"";"";"";"";"";"";"XAMS";"Euronext Amsterdam securities";"7-12-2021 17:40:00";"Euronext Amsterdam securities";"W. Europe Standard Time"
"253644";"1000";"EUR";"A21";"A21";"A21";"A21";"";"";"";"";"";"";"";"";"XAMS";"Euronext Amsterdam securities";"7-12-2021 17:40:00";"Euronext Amsterdam securities";"W. Europe Standard Time"
"1614800";"1000";"EUR";"mini FTSE MIB future";"mini FTSE MIB future";"MINI.IND";"MINI.IND";"";"";"";"";"";"";"";"";"MTAA";"MTA INTERNATIONAL - GERMAN SHARES";"7-12-2021 17:36:00";"Milan";"W. Europe Standard Time"
"927197";"1000";"EUR";"XNL";"XNL";"XNL";"XNL";"";"";"";"";"";"";"";"";"XAMS";"Euronext Amsterdam securities";"7-12-2021 17:40:00";"Euronext Amsterdam securities";"W. Europe Standard Time"
"2573759";"1000";"EUR";"2PX";"2PX";"2PX";"2PX";"";"";"";"";"";"";"";"";"XPAR";"Euronext Paris";"7-12-2021 17:40:00";"Euronext Paris";"W. Europe Standard Time"
"2573760";"1000";"EUR";"4PX";"4PX";"4PX";"4PX";"";"";"";"";"";"";"";"";"XPAR";"Euronext Paris";"7-12-2021 17:40:00";"Euronext Paris";"W. Europe Standard Time"
"2573761";"1000";"EUR";"5PX";"5PX";"5PX";"5PX";"";"";"";"";"";"";"";"";"XPAR";"Euronext Paris";"7-12-2021 17:40:00";"Euronext Paris";"W. Europe Standard Time"
"2139519";"1000";"EUR";"CAC PME";"CAC PME";"CAPME";"CAPME";"";"FR0011710375";"";"CAPME";"";"";"";"";"XPAR";"Euronext Paris";"7-12-2021 17:40:00";"Euronext Paris";"W. Europe Standard Time"
"2139516";"1000";"EUR";"SBF 120";"SBF 120";"PX4";"PX4";"";"FR0003999481";"";"SBF120";"";"";"";"";"XPAR";"Euronext Paris";"7-12-2021 17:40:00";"Euronext Paris";"W. Europe Standard Time"
"2139528";"1000";"JPY";"Nikkei 225 Future";"Nikkei 225 Future";"NIY";"NIY";"";"JP9010C00002";"";"NHA";"";"";"";"";"XCME";"Chicago Mercantile";"7-12-2021 22:20:00";"Chicago Mercantile";"Central Standard Time"
"410015";"1050";"TRY";"Turkish New Lira (EUR / TRY)";"EUR / TRY";"EURTRY";"EURTRY";"";"EU000A0C32V9";"";"";"";"";"";"";"-";"ForEx";"7-12-2021 23:59:59";"Indices";"W. Europe Standard Time"
"909982";"1000";"EUR";"XNL01";"XNL01";"XNL01";"XNL01";"";"";"";"";"";"";"";"";"XAMS";"Euronext Amsterdam securities";"7-12-2021 17:40:00";"Euronext Amsterdam securities";"W. Europe Standard Time"
"909983";"1000";"EUR";"XNL02";"XNL02";"XNL02";"XNL02";"";"";"";"";"";"";"";"";"XAMS";"Euronext Amsterdam securities";"7-12-2021 17:40:00";"Euronext Amsterdam securities";"W. Europe Standard Time"
"909984";"1000";"EUR";"XNL03";"XNL03";"XNL03";"XNL03";"";"";"";"";"";"";"";"";"XAMS";"Euronext Amsterdam securities";"7-12-2021 17:40:00";"Euronext Amsterdam securities";"W. Europe Standard Time"
"909985";"1000";"EUR";"XNL04";"XNL04";"XNL04";"XNL04";"";"";"";"";"";"";"";"";"XAMS";"Euronext Amsterdam securities";"7-12-2021 17:40:00";"Euronext Amsterdam securities";"W. Europe Standard Time"
"910052";"1000";"EUR";"XNLW1";"XNLW1";"XNLW1";"XNLW1";"";"";"";"";"";"";"";"";"XAMS";"Euronext Amsterdam securities";"7-12-2021 17:40:00";"Euronext Amsterdam securities";"W. Europe Standard Time"
"910053";"1000";"EUR";"XNLW2";"XNLW2";"XNLW2";"XNLW2";"";"";"";"";"";"";"";"";"XAMS";"Euronext Amsterdam securities";"7-12-2021 17:40:00";"Euronext Amsterdam securities";"W. Europe Standard Time"
"910054";"1000";"EUR";"XNLW4";"XNLW4";"XNLW4";"XNLW4";"";"";"";"";"";"";"";"";"XAMS";"Euronext Amsterdam securities";"7-12-2021 17:40:00";"Euronext Amsterdam securities";"W. Europe Standard Time"
"910056";"1000";"EUR";"XNLW5";"XNLW5";"XNLW5";"XNLW5";"";"";"";"";"";"";"";"";"XAMS";"Euronext Amsterdam securities";"7-12-2021 17:40:00";"Euronext Amsterdam securities";"W. Europe Standard Time"
"909986";"1000";"EUR";"XNL05";"XNL05";"XNL05";"XNL05";"";"";"";"";"";"";"";"";"XAMS";"Euronext Amsterdam securities";"7-12-2021 17:40:00";"Euronext Amsterdam securities";"W. Europe Standard Time"
"909987";"1000";"EUR";"XNL06";"XNL06";"XNL06";"XNL06";"";"";"";"";"";"";"";"";"XAMS";"Euronext Amsterdam securities";"7-12-2021 17:40:00";"Euronext Amsterdam securities";"W. Europe Standard Time"
"909988";"1000";"EUR";"XNL07";"XNL07";"XNL07";"XNL07";"";"";"";"";"";"";"";"";"XAMS";"Euronext Amsterdam securities";"7-12-2021 17:40:00";"Euronext Amsterdam securities";"W. Europe Standard Time"
"909990";"1000";"EUR";"XNL09";"XNL09";"XNL09";"XNL09";"";"";"";"";"";"";"";"";"XAMS";"Euronext Amsterdam securities";"7-12-2021 17:40:00";"Euronext Amsterdam securities";"W. Europe Standard Time"
"909991";"1000";"EUR";"XNL10";"XNL10";"XNL10";"XNL10";"";"";"";"";"";"";"";"";"XAMS";"Euronext Amsterdam securities";"7-12-2021 17:40:00";"Euronext Amsterdam securities";"W. Europe Standard Time"
"909992";"1000";"EUR";"XNL11";"XNL11";"XNL11";"XNL11";"";"";"";"";"";"";"";"";"XAMS";"Euronext Amsterdam securities";"7-12-2021 17:40:00";"Euronext Amsterdam securities";"W. Europe Standard Time"
"909993";"1000";"EUR";"XNL12";"XNL12";"XNL12";"XNL12";"";"";"";"";"";"";"";"";"XAMS";"Euronext Amsterdam securities";"7-12-2021 17:40:00";"Euronext Amsterdam securities";"W. Europe Standard Time"
"909994";"1000";"EUR";"XNL13";"XNL13";"XNL13";"XNL13";"";"";"";"";"";"";"";"";"XAMS";"Euronext Amsterdam securities";"7-12-2021 17:40:00";"Euronext Amsterdam securities";"W. Europe Standard Time"
"909995";"1000";"EUR";"XNL14";"XNL14";"XNL14";"XNL14";"";"";"";"";"";"";"";"";"XAMS";"Euronext Amsterdam securities";"7-12-2021 17:40:00";"Euronext Amsterdam securities";"W. Europe Standard Time"
"909996";"1000";"EUR";"XNL15";"XNL15";"XNL15";"XNL15";"";"";"";"";"";"";"";"";"XAMS";"Euronext Amsterdam securities";"7-12-2021 17:40:00";"Euronext Amsterdam securities";"W. Europe Standard Time"
"909997";"1000";"EUR";"XNL16";"XNL16";"XNL16";"XNL16";"";"";"";"";"";"";"";"";"XAMS";"Euronext Amsterdam securities";"7-12-2021 17:40:00";"Euronext Amsterdam securities";"W. Europe Standard Time"
"909998";"1000";"EUR";"XNL17";"XNL17";"XNL17";"XNL17";"";"";"";"";"";"";"";"";"XAMS";"Euronext Amsterdam securities";"7-12-2021 17:40:00";"Euronext Amsterdam securities";"W. Europe Standard Time"
"909999";"1000";"EUR";"XNL18";"XNL18";"XNL18";"XNL18";"";"";"";"";"";"";"";"";"XAMS";"Euronext Amsterdam securities";"7-12-2021 17:40:00";"Euronext Amsterdam securities";"W. Europe Standard Time"
"910000";"1000";"EUR";"XNL19";"XNL19";"XNL19";"XNL19";"";"";"";"";"";"";"";"";"XAMS";"Euronext Amsterdam securities";"7-12-2021 17:40:00";"Euronext Amsterdam securities";"W. Europe Standard Time"
"910001";"1000";"EUR";"XNL20";"XNL20";"XNL20";"XNL20";"";"";"";"";"";"";"";"";"XAMS";"Euronext Amsterdam securities";"7-12-2021 17:40:00";"Euronext Amsterdam securities";"W. Europe Standard Time"
"910002";"1000";"EUR";"XNL21";"XNL21";"XNL21";"XNL21";"";"";"";"";"";"";"";"";"XAMS";"Euronext Amsterdam securities";"7-12-2021 17:40:00";"Euronext Amsterdam securities";"W. Europe Standard Time"
"2342414";"1000";"EUR";"STXE 600 Health Care";"STXE 600 Health Care";"SXDP";"SXDP";"";"EU0009658723";"";"SXDP";"";"";"";"";"XEUR";"Eurex Indices";"7-12-2021 17:30:00";"Eurex";"W. Europe Standard Time"
"910003";"1000";"EUR";"XNL22";"XNL22";"XNL22";"XNL22";"";"";"";"";"";"";"";"";"XAMS";"Euronext Amsterdam securities";"7-12-2021 17:40:00";"Euronext Amsterdam securities";"W. Europe Standard Time"
"910004";"1000";"EUR";"XNL23";"XNL23";"XNL23";"XNL23";"";"";"";"";"";"";"";"";"XAMS";"Euronext Amsterdam securities";"7-12-2021 17:40:00";"Euronext Amsterdam securities";"W. Europe Standard Time"
"910005";"1000";"EUR";"XNL24";"XNL24";"XNL24";"XNL24";"";"";"";"";"";"";"";"";"XAMS";"Euronext Amsterdam securities";"7-12-2021 17:40:00";"Euronext Amsterdam securities";"W. Europe Standard Time"
"910006";"1000";"EUR";"XNL25";"XNL25";"XNL25";"XNL25";"";"";"";"";"";"";"";"";"XAMS";"Euronext Amsterdam securities";"7-12-2021 17:40:00";"Euronext Amsterdam securities";"W. Europe Standard Time"
"910007";"1000";"EUR";"XNL26";"XNL26";"XNL26";"XNL26";"";"";"";"";"";"";"";"";"XAMS";"Euronext Amsterdam securities";"7-12-2021 17:40:00";"Euronext Amsterdam securities";"W. Europe Standard Time"
"910008";"1000";"EUR";"XNL27";"XNL27";"XNL27";"XNL27";"";"";"";"";"";"";"";"";"XAMS";"Euronext Amsterdam securities";"7-12-2021 17:40:00";"Euronext Amsterdam securities";"W. Europe Standard Time"
"910009";"1000";"EUR";"XNL28";"XNL28";"XNL28";"XNL28";"";"";"";"";"";"";"";"";"XAMS";"Euronext Amsterdam securities";"7-12-2021 17:40:00";"Euronext Amsterdam securities";"W. Europe Standard Time"
"910010";"1000";"EUR";"XNL29";"XNL29";"XNL29";"XNL29";"";"";"";"";"";"";"";"";"XAMS";"Euronext Amsterdam securities";"7-12-2021 17:40:00";"Euronext Amsterdam securities";"W. Europe Standard Time"
"910011";"1000";"EUR";"XNL30";"XNL30";"XNL30";"XNL30";"";"";"";"";"";"";"";"";"XAMS";"Euronext Amsterdam securities";"7-12-2021 17:40:00";"Euronext Amsterdam securities";"W. Europe Standard Time"
"910012";"1000";"EUR";"XNL31";"XNL31";"XNL31";"XNL31";"";"";"";"";"";"";"";"";"XAMS";"Euronext Amsterdam securities";"7-12-2021 17:40:00";"Euronext Amsterdam securities";"W. Europe Standard Time"
"2354158";"1000";"EUR";"STOXX Europe Small 200";"STOXX Europe Small 2";"YY1T";"YY1T";"";"CH0009107639";"";"YY1T";"";"";"";"";"XEUR";"Eurex Indices";"7-12-2021 17:30:00";"Eurex";"W. Europe Standard Time"
"2648368";"1000";"USD";"Dummy Options NDX";"Dummy Options NDX";"NDX";"NDX.US";"";"";"";"";"";"";"";"";"XCME";"Chicago Mercantile";"7-12-2021 22:20:00";"Chicago Mercantile";"Central Standard Time"
"2341152";"1000";"EUR";"EURO STOXX Select Dividend 30";"EURO STOXX Select Di";"SD3E";"SD3E";"";"CH0020751589";"";"SX3D";"";"";"";"";"XEUR";"Eurex Indices";"7-12-2021 17:30:00";"Eurex";"W. Europe Standard Time"
"2341170";"1000";"EUR";"ESTX 50 Daily Leverage 8";"ESTX 50 Daily Levera";"SX5TDL8";"SX5TDL8";"";"CH0184409685";"";"0A98";"";"";"";"";"XEUR";"Eurex Indices";"7-12-2021 17:30:00";"Eurex";"W. Europe Standard Time"
"2341173";"1000";"EUR";"ESTX 50 Daily Leverage 7";"ESTX 50 Daily Levera";"SX5TDL7";"SX5TDL7";"";"CH0184409727";"";"7S0C";"";"";"";"";"XEUR";"Eurex Indices";"7-12-2021 17:30:00";"Eurex";"W. Europe Standard Time"
"2341180";"1000";"EUR";"ESTX 50 Daily Leverage 6";"ESTX 50 Daily Levera";"SX5TDL6";"SX5TDL6";"";"CH0184409958";"";"7S02";"";"";"";"";"XEUR";"Eurex Indices";"7-12-2021 17:30:00";"Eurex";"W. Europe Standard Time"
"2341194";"1000";"EUR";"LevDAX x2";"LevDAX x2";"D1AJ";"D1AJ";"";"DE000A0C4B34";"";"D1AJ";"";"";"";"";"XETR";"Frankfurt";"7-12-2021 17:34:59";"Frankfurt";"W. Europe Standard Time"
"2341196";"1000";"EUR";"DAXglobal BRIC";"DAXglobal BRIC";"D1A1";"D1A1";"";"DE000A0C4CK9";"";"D1A1";"";"";"";"";"XETR";"Frankfurt";"7-12-2021 17:34:59";"Frankfurt";"W. Europe Standard Time"
"2341204";"1000";"EUR";"LevDAX x7";"LevDAX x7";"DH59";"DH59";"";"DE000A1EXY36";"";"DH59";"";"";"";"";"XETR";"Frankfurt";"7-12-2021 17:34:59";"Frankfurt";"W. Europe Standard Time"
"2407373";"1000";"EUR";"Long-Term Euro-BTP (FBTP) Cont Future";"Long-Term Euro-BTP (";"10558";"10558";"";"DE000A0ZW3V8";"";"";"";"";"";"";"XEUB";"Eurex Bund";"7-12-2021 22:04:00";"Eurex Bund";"W. Europe Standard Time"
"2407383";"1000";"EUR";"Euro Schatz (FGBS) Cont Future";"Euro Schatz (FGBS) C";"10547";"10547";"";"DE0009652669";"";"";"";"";"";"";"XEUR";"Eurex";"7-12-2021 22:04:00";"Eurex";"W. Europe Standard Time"
"12573";"1000";"USD";"S&P 500 mini future";"S&P 500 mini future";"SP5";"SP5";"";"US78378X1072";"";"SPX";"";"";"";"";"XCME";"Chicago Mercantile";"7-12-2021 22:20:00";"Chicago Mercantile";"Central Standard Time"
"429778";"1050";"ILS";"Israeli Shekel (EUR / ILS)";"EUR / ILS";"EURILS";"EURILS";"";"";"";"";"";"";"";"";"-";"ForEx";"7-12-2021 23:59:59";"Indices";"W. Europe Standard Time"
"193486";"1000";"EUR";"OMX Helsinki 25 [D]";"OMX Helsinki 25 [D]";"HEX25";"HEX25";"";"FI0008900212";"";"HEX25";"";"";"";"";"XHEL";"Helsinki";"7-12-2021 17:30:00";"Helsinki";"FLE Standard Time"
"376339";"1050";"DKK";"Danish Krone (EUR / DKK)";"(EUR / DKK)";"EURDKK";"EURDKK";"";"XD0009468360";"";"";"";"";"";"";"-";"ForEx";"7-12-2021 23:59:59";"Indices";"W. Europe Standard Time"
"376340";"1050";"GBP";"British Pound (EUR / GBP)";"EUR / GBP";"EURGBP";"EURGBP";"";"EU0009653088";"";"";"";"";"";"";"-";"ForEx";"7-12-2021 23:59:59";"Indices";"W. Europe Standard Time"
"1115297";"1050";"USD";"EUR / USD";"US Dollar";"USD.IDX";"USD.IDX";"";"";"EU0009652759";"";"";"";"";"";"-";"ForEx";"7-12-2021 23:59:59";"Indices";"W. Europe Standard Time"
"376344";"1050";"EUR";"Russian Ruble (EUR / RUB)";"EUR / RUB";"EURRUB";"EURRUB";"";"EU0001458346";"";"";"";"";"";"";"-";"ForEx";"7-12-2021 23:59:59";"Indices";"W. Europe Standard Time"
"376347";"1050";"ZAR";"South African Rand (EUR / ZAR)";"EUR / ZAR";"EURZAR";"EURZAR";"";"EU0006169989";"";"";"";"";"";"";"-";"ForEx";"7-12-2021 23:59:59";"Indices";"W. Europe Standard Time"
"377372";"1050";"GBP";"GBP / USD";"GBP / USD";"GBPUSD";"GBPUSD";"";"GB0031973075";"";"";"";"";"";"";"-";"ForEx";"7-12-2021 23:59:59";"Indices";"W. Europe Standard Time"
"377375";"1050";"EUR";"USD / EUR";"USD / EUR";"USDEUR";"USDEUR";"";"XC0009666410";"";"";"";"";"";"";"XAMS";"Euronext Amsterdam securities";"7-12-2021 17:40:00";"Euronext Amsterdam securities";"W. Europe Standard Time"
"1115274";"1000";"USD";"EUR / USD";"EUR / USD";"USD.IND";"USD.IND";"";"";"";"";"";"";"";"";"-";"Indices";"7-12-2021 23:00:00";"Indices";"W. Europe Standard Time"
"5319175";"1000";"EUR";"Paris Real Estate Index Cont Future";"Paris Real Estate In";"PARISSQM";"PARISSQM";"";"FR0013379906";"";"PARISSQM";"";"";"";".PARISSQM";"XPAR";"Euronext Paris";"7-12-2021 17:40:00";"Euronext Paris";"W. Europe Standard Time"
